	1000016	1000019	1000020	1000021	1000022	1000117	1000145	1000176	1000214	1000216	1000262	1000284	1000459	1000461	1000464	1000465	1000466	1000467	1000470	1000471	1000473	1000474	1000479	1000480	1000490	1000492	1000493	1000494	1000498	1000503	1000506	1000513	1000514	1000528	1000553	1000566	1000568	1000577	1000585	1000589	1000590	1000591	1000592	1000593	1000595	1000611	1000616	1000617	1000620	1000623	1000625	1000637	1000638	1000646	1000649	1000650	1000651	1000652	1000676	1000677	1000681	1000682	1000686	1000691	1000693	1000695	1000698	1000700	1000702	1000705	1000706	1000710	1000712	1000716	1000730	1000744	1000747	1000749	1000750	1000751	1000752	1000754	1000772	1000781	1000782	1000793	1000836	1000856	1000857	1000890	1000891	1000960	1001002	1001011	1001035	1001084	1001116	1001210	1001211	1001224	1001225	1001227	1001228	1001229	1001230	1001244	1001348	1001349	1001350	1001374	1001376	1001379	1001380	1001382	1001384	1001385	1001387	1001388	1001390	1001391	1001392	1001393	1001394	1001395	1001396	1001398	1001399	1001430	1001437	1001438	1001439	1001440	1001443	1001444	1001445	1001447	1001473	1001478	1001495	1001501	1001506	1001518	1001520	1001527	1001531	1001532	1001546	1001561	1001564	1001566	1001567	1001572	1001573	1001575	1001578	1001579	1001590	1001600	1001605	1001618	1001627	1001633	1001690	1001692	1001693	1001696	1001697	1001727	1001728	1001753	1001759	1001760	1001761	1001764	1001766	1001767	1001770	1001771	1001772	1001774	1001775	1001776	1001777	1001876	1001983	1001984	1001985	1001987	1001990	1001992	1001994	1001997	1001998	1002001	1002003	1002005	1002006	1002007	1002008	1002014	1002016	1002018	1002132	1002133	1002137	1002138	1002139	1002142	1002143	1002156	1002163	1002164	1002187	1002274	1002319	1002438	1002535	1002950	1003302	1004821	1005583	1005584	1006290	1006295	1007317	1010349	1010350	1010935	1011154	1011515	1012500	1012501	1014465	1014946	1014947	1014948	1015051	1015055	1015083	1015094	1015096	1015097	1015198	1015205	1015222	1015223	1015224	1015225	1015267	1015270	1015280	1015285	1015286	1015287	1015288	1015289	1015290	1015291	1015295	1015296	1015303	1015304	1015305	1015306	1015307	1015311	1015312	1015315	1015316	1015352	1015401	1015412	1015550	1015752	1015765	1015766	1015776	1015777	1015780	1015788	1015790	1015791	1015800	1015801	1015819	1015821	1016025	1016287	1016294	1016296	1016768	1016771	1016777	1016783	1016788	1016795	1016805	1016812	1016820	1016843	1016849	1016856	1016864	1016865	1016894	1016946	1016992	1017142	1017650	1018948	1019201	1019986	1020710	1020785	1020884	1021124	cluster
30103	0.0	0.0	0.0	0.0	0.0	0.0223048327138	0.0	0.0	0.0	0.0	0.0	0.0	0.0	0.0	0.0	0.0	0.0	0.0	0.0	0.0	0.0	0.0	0.0	0.0	0.0223048327138	0.0	0.0	0.0	0.0	0.0111524163569	0.0	0.0	0.0	0.0	0.0371747211896	0.0	0.0	0.0	0.0	0.0	0.0	0.0	0.0	0.0	0.0	0.0	0.0	0.0	0.0	0.0223048327138	0.0	0.0	0.00743494423792	0.0	0.0111524163569	0.0	0.0	0.0	0.0	0.0	0.0	0.0	0.0	0.0	0.00371747211896	0.0223048327138	0.0	0.00371747211896	0.0	0.0	0.0223048327138	0.0	0.0	0.0	0.0	0.0	0.0	0.0	0.0	0.0	0.0	0.0	0.0	0.0	0.0	0.0	0.0	0.0	0.0	0.0	0.0	0.0	0.0	0.0	0.0148698884758	0.0	0.0	0.0	0.0	0.0	0.0223048327138	0.0	0.0	0.0	0.0	0.0	0.0	0.0	0.0	0.0	0.0	0.0148698884758	0.0	0.0	0.0	0.0	0.0148698884758	0.0	0.0	0.0	0.0	0.0223048327138	0.00371747211896	0.0223048327138	0.0	0.0	0.0	0.0	0.0	0.0	0.0	0.0	0.0	0.0223048327138	0.0	0.0	0.0	0.0223048327138	0.0	0.0	0.0	0.0223048327138	0.0	0.0	0.0	0.0	0.0	0.0	0.0	0.0223048327138	0.0	0.0	0.0	0.0	0.0	0.0	0.0	0.0	0.0	0.0	0.0	0.00743494423792	0.0	0.0	0.0	0.0	0.0111524163569	0.0	0.0	0.0	0.0	0.0	0.0	0.0	0.0	0.0	0.0223048327138	0.00371747211896	0.0148698884758	0.0	0.0	0.0	0.0	0.0223048327138	0.0	0.0	0.0	0.0223048327138	0.0	0.0	0.0	0.0	0.0	0.0260223048327	0.0	0.0	0.0	0.0	0.0	0.0111524163569	0.0	0.0	0.0	0.0	0.0	0.0669144981413	0.0	0.0	0.0	0.0	0.0	0.0223048327138	0.0	0.0	0.0223048327138	0.0	0.0	0.0	0.0	0.0	0.0	0.0	0.0743494423792	0.0	0.223048327138	0.0	0.0	0.0	0.0	0.0	0.0	0.0446096654275	0.0	0.0	0.0	0.0	0.0	0.0	0.0	0.0	0.0	0.0	0.0	0.0	0.0	0.0	0.0	0.0	0.0	0.0	0.0	0.0	0.0	0.0	0.0	0.0	0.0	0.0	0.0	0.0	0.0	0.0	0.0	0.0	0.0	0.0	0.0	0.0	0.0	0.0	0.0	0.0	0.0	0.0	0.0	0.0	0.0	0.0	0.0	0.0	0.0	0.0	0.0	0.0223048327138	0.0	0.0	0.0148698884758	0.0	0.0	0.0	0.0	0.0	0.0	0.0	0.0	0.0	0.0	0.0	0.0	0.0	0.0	0.0	0.0	0.0	0.0	0.0	0.0	0.0	0.0	0.0	0.0	0.0	0.0	-0.0223048327138	0.0	0.0	2
30104	0.0	0.0	0.00149700598802	0.00149700598802	0.0	0.00898203592814	0.0	0.00449101796407	0.0	0.0	0.00449101796407	0.00149700598802	0.0	0.0	0.0	0.0	0.0	0.0	0.0	0.0	0.0	0.0	0.0	0.0	0.00898203592814	0.00149700598802	0.0	0.0	0.0	0.0059880239521	0.0	0.00898203592814	0.00149700598802	0.0	0.0194610778443	0.0	0.0	0.00449101796407	0.00898203592814	0.0	0.0	0.0	0.0	0.0	0.0	0.0	0.0	-0.00898203592814	0.0	0.00898203592814	0.0	0.00748502994012	0.0179640718563	0.00748502994012	0.0	0.0	0.0	0.0	0.0	0.0	0.0	0.0	0.0	0.0	0.00149700598802	0.0	0.0	0.00748502994012	0.0	0.0	0.0	0.0	0.0	0.0104790419162	0.0	0.0	0.0	0.0	0.0	0.0	0.0	0.0	0.00149700598802	0.0149700598802	0.00898203592814	0.0	0.00898203592814	0.0	0.0	0.0	0.00898203592814	0.0449101796407	0.0	0.0	0.0059880239521	0.0	0.0	0.0	0.0	0.0	0.0	0.0	0.0	0.00898203592814	0.0104790419162	0.00898203592814	0.0	0.00449101796407	0.00898203592814	0.0	0.0	0.00748502994012	0.0	0.0	0.0	0.0	0.0	0.0	0.0	0.0	0.00898203592814	0.0	0.00299401197605	0.00898203592814	0.0	0.00898203592814	0.00748502994012	0.0	0.0	0.0	0.0	0.0	0.0	0.0179640718563	0.0	0.0	0.0	0.0179640718563	0.0	0.0	0.0	0.00898203592814	0.0	0.0	0.0	0.0	0.0	0.00898203592814	0.00898203592814	0.0179640718563	0.0	0.0	0.0164670658683	0.00898203592814	0.0	0.0	0.0059880239521	0.0	0.00149700598802	0.0	0.0	0.00748502994012	0.0	0.0	0.0	0.0	0.0	0.00449101796407	0.0	0.0	0.0	0.0	0.0	0.0	0.0	0.0	0.00898203592814	0.00898203592814	0.00149700598802	0.0	0.00898203592814	0.0	0.0	0.0	0.00898203592814	0.0	0.0	0.0	0.0	0.0	0.0	0.0	0.0	0.00748502994012	0.0	0.0	0.0	0.0	0.0	0.0059880239521	0.0	0.0	0.0	0.0269461077844	0.00898203592814	0.0718562874251	0.0	0.00898203592814	0.00898203592814	0.0	0.0	0.00299401197605	0.0	0.0404191616766	0.00149700598802	0.00898203592814	0.0389221556886	0.00748502994012	0.0	0.0	0.00898203592814	0.00898203592814	0.00898203592814	0.00748502994012	0.0928143712575	0.0	0.0479041916168	0.0269461077844	0.00748502994012	0.00748502994012	-0.0269461077844	0.00898203592814	0.0	0.0	0.0	0.00898203592814	0.0	0.0	0.00898203592814	0.0	0.00898203592814	0.0	0.0	0.00898203592814	0.0	0.0	0.0	0.0	0.0	0.0	0.0	0.0	0.0	0.0	0.0	0.0	0.0	0.0	0.0	0.0	0.0	0.0	0.0	0.0	0.0	0.0	0.0	0.0	0.0	0.0	0.0	0.00898203592814	0.0	0.0	0.0	0.00898203592814	0.0	0.0	0.0	0.0	0.0	0.0	0.0	0.0	0.0	0.0	0.0	0.0	0.0	0.0	0.0	0.0119760479042	0.0	0.00149700598802	0.0	0.0	0.00149700598802	0.0	0.0	0.00149700598802	0.0	0.00898203592814	0.0	0.0	0.00898203592814	0.0	0.0	0.0	0.0	-0.00898203592814	0.0	0.0	0.0	0.0	0.0	0.00299401197605	2
30105	0.0	0.0	0.0	0.0	0.0	0.0	0.0	0.0	0.0	0.0	0.0	0.0	0.0	0.0	0.0	0.0	0.0	0.0	0.0	0.0	0.0	0.0	0.0	0.0	0.0	0.0	0.0	0.0	0.0	0.0	0.0	0.0	0.0	0.0	0.0909090909091	0.0	0.0	0.0	0.0	0.0	0.0	0.0	0.0	0.0	0.0	0.0	0.0	0.0	0.0	0.0	0.0	0.0	0.0	0.0454545454545	0.0	0.0	0.0	0.0	0.0	0.0	0.0	0.0	0.0	0.0	0.0	0.0606060606061	0.0	0.0	0.0	0.0	0.0	0.0	0.0	0.0	0.0	0.0	0.0	0.0	0.0	0.0	0.0	0.0	0.0	0.0909090909091	0.0	0.0	0.0	0.0	0.0	0.0	0.0	0.0	0.0	0.0	0.0	0.0	0.0	0.0	0.0	0.0	0.0	0.0	0.0	0.0	0.0	0.0	0.0	0.0	0.0909090909091	0.0	0.0	0.0	0.0454545454545	0.0	0.0	0.0	0.0	0.0	0.0	0.0	0.0	0.0	0.0	0.0151515151515	0.0	0.0	0.0	0.0	0.0	0.0	0.0	0.0	0.0	0.0	0.0	0.0	0.0	0.0	0.0	0.0	0.0	0.0	0.0	0.0	0.0	0.0	0.0	0.0	0.0	0.0	0.0	0.0	0.0606060606061	0.0454545454545	0.0	0.0	0.0	0.0	0.0	0.0	0.0	0.0	0.0	0.0	0.0	0.0	0.0	0.0	0.0	0.0	0.0	0.0	0.0	0.0	0.0	0.0	0.0151515151515	0.030303030303	0.0151515151515	0.0	0.0	0.0	0.0	0.0	0.0	0.0	0.0	-0.0606060606061	0.0	0.0	0.0	0.0	-0.0606060606061	-0.0757575757576	0.0	0.0	0.0	0.0	0.0	-0.0606060606061	0.0	-0.0606060606061	0.0	0.0	0.0	0.0909090909091	0.0	0.0	0.0	0.0	0.0606060606061	0.0757575757576	0.0	0.0	0.0	0.0606060606061	0.0606060606061	0.0	0.0606060606061	0.0	0.0	0.0	0.0	0.0	0.181818181818	0.0	0.0909090909091	0.0	0.0	0.0	0.0	0.0	0.0	0.0	0.0	0.0	0.0	0.0	0.0	0.0	0.0	0.0	0.0	0.0	0.0	0.0	0.0	0.0	0.0	0.0	0.0	0.030303030303	0.0	0.0	0.0	0.0	0.0	0.0	0.0	0.0	0.0	0.0	0.0	0.0	0.0	0.0	0.0	0.0	0.0	0.0	0.0	0.0	0.0	0.0	0.0	0.0	0.0	0.0	0.0	0.0	0.0	0.0	0.0	0.0	0.0	0.0	0.0	0.0	0.0	0.0	0.0	0.0	0.0	0.0	0.0	0.0	0.0	0.0	0.0	0.0	0.0	0.0	0.0	0.0	0.0	0.0	0.0	0.0	0.0	0.0	0.0	0.0	0.0	-0.0606060606061	0.0606060606061	0.0	2
30106	0.0	0.0	0.0	0.0	0.0	0.0	0.0	0.0	0.0	0.0	0.0	0.0	0.0	0.0	0.0	0.0	0.0	0.0	0.0	0.0	0.0	0.0	0.0	0.0	0.0	0.0	0.0	0.0	0.0	0.0	0.0	0.0	0.0	0.0	0.0	0.0	0.0	0.0	0.0	0.0	0.0	0.0	0.0	0.0	0.0	0.0	0.0	0.0	0.0	0.0	0.0	0.0	0.0	0.0	0.0	0.0	0.0	0.0	0.0	0.0	0.0	0.0	0.0	0.0	0.0	0.0	0.0	0.0	0.0	0.0	0.0	0.0	0.0	0.0	0.0	0.11320754717	0.0	0.0	0.0	0.0	0.0	0.0	0.0	0.11320754717	0.0	0.0	0.0	0.0	0.0	0.0	0.0	0.11320754717	0.0	0.0	0.0	0.0	0.0	0.0	0.0	0.0	0.0	0.0	0.0	0.11320754717	0.0	0.0	0.0	0.0	0.0	0.0	0.0	0.0	0.0	0.0	0.0	0.0	0.0	0.0	0.0	0.0	0.0	0.0	0.0	0.0	0.0	0.0	0.0	0.0	0.0	0.0	0.0	0.0	0.0	0.0	0.0	0.0	0.0	0.0	0.0	0.0	0.0	0.0	0.0	0.0	0.0	0.0	0.0	0.0	0.0	0.0	0.0	0.0	0.0	0.0	0.0	0.0	0.0	0.0	0.0	0.0	0.0	0.0	0.0	0.0	0.0	0.0	0.0	0.0	0.0	0.0	0.0	0.0	0.0	0.0	0.0	0.0	0.0	0.0	0.0377358490566	0.0	0.0	0.0	0.0	0.0	0.0	0.0	0.0	0.0	0.0	0.0	0.0	0.0	0.0	0.0943396226415	0.0	0.0	0.0	0.0	0.0	0.0943396226415	0.0	0.0	0.0	0.0	0.0	0.0	0.0	0.0	0.0	0.0	0.0	0.150943396226	0.0	0.0	0.0	0.0	0.0	0.0	0.0	0.0	0.0	0.0	0.11320754717	0.0	0.0943396226415	0.0	0.11320754717	0.0	0.0	0.0	0.0	0.0	0.0	0.0	0.0	0.0	0.0	0.0	0.0	0.0	0.0	0.0	0.0	0.0	0.0	0.0	0.0	0.0	0.0	0.0	0.0	0.0	0.0	0.0	0.0	0.0	0.0	0.0	0.0	0.0	0.0	0.0	0.0	0.0	0.0	0.0	0.0	0.0	0.0	0.0	0.0	0.0	0.0	0.0	0.0	0.0	0.0	0.0	0.0	0.0	0.0	0.0	0.0	0.0	0.0	0.0	0.0	-0.0377358490566	0.0	0.0	0.0	0.0	0.0	0.0	0.0	0.0	0.0	0.0	0.0	0.0	0.0	0.0	0.0	0.0	0.0	0.0	0.0	0.0	0.0	0.0	0.0	0.0	0.0	0.0	-0.11320754717	0.0	2
30108	0.0	0.0	0.0	0.0	0.0	0.0	0.0	0.0	0.0	0.0	0.0	0.0	0.0	0.0	0.0	0.0	0.0	0.0	0.0	0.0	0.0	0.0	0.0	0.0	0.0	0.0	0.0	0.0	0.0	0.0	0.0	0.0	0.0	0.0	0.00943396226415	0.0	0.0	0.0	0.0	0.0	0.0	0.0	0.0	0.0	0.0	0.0	0.0	0.0	0.0	0.0283018867925	0.0	0.0	0.00943396226415	0.0141509433962	0.0	0.0	0.0	0.0	0.0	0.0	0.0	0.0	0.0	0.0	0.0	0.0	0.0	0.0	0.0	0.0	0.0	0.0	0.0	0.0	0.0	0.0	0.0	0.0	0.0	0.0	0.0	0.0	0.0	0.0283018867925	0.0	0.0	0.0	0.0	0.0	0.0	0.0	0.0283018867925	0.0	0.0	0.0141509433962	0.0	0.0	0.0	0.0	0.0	0.0	0.0	0.0	0.0188679245283	0.00471698113208	0.0	0.0	0.0	0.0	0.0	0.0	0.0	0.0	0.0	0.0	0.0	0.0	0.0	0.0	0.0	0.0	0.0188679245283	0.0	0.0235849056604	0.0	0.0	0.0	0.0	0.0	0.0	0.0	0.0	0.0	0.0	0.0	0.0	0.0	0.0	0.0	0.0	0.0	0.0	0.0	0.0	0.0	0.0	0.0	0.0	0.0	0.0	0.0	0.0	0.0	0.0	0.0	0.0	0.0	0.0	0.0	0.0	0.0	0.0	0.0	0.0	0.0	0.0	0.0235849056604	0.0	0.0	0.0	0.0	0.0	0.0	0.0	0.0	0.0	0.0	0.0283018867925	0.0141509433962	0.0	0.0	0.0	0.0	0.0	0.0	0.0	0.0	0.0	0.0	0.0	0.0	0.0	0.0	0.0	0.0	0.0	0.0	0.0	0.0	0.0	0.0	0.0	0.0	0.0	0.0	0.0283018867925	0.0	0.0	0.0	0.0	0.0	0.0	0.0	0.0	0.0	0.0	0.0	0.0	0.0	0.0	0.0	0.0	0.0566037735849	0.0	0.344339622642	0.0566037735849	0.0566037735849	0.0	0.0	0.0	0.0	0.0	0.0	0.0	0.0	0.0	0.0	0.0	0.0	0.0	0.0	0.0	0.0	0.0	0.0	0.0	0.0	0.0	0.0	0.0	0.0	0.0	0.0	0.0	0.0	0.0	0.0	0.0	0.0	0.0	0.0	0.0	0.0	0.0	0.0	0.0	0.0	0.0	0.0	0.0	0.0	0.0283018867925	0.0	0.0	0.0283018867925	0.0	0.0	0.0	0.0	0.0283018867925	0.0	0.0	0.0	0.0	0.0	0.0	0.0	0.0	0.0	0.0	0.0	0.0	0.0	0.0	0.0	0.0	0.0	0.0	0.0	0.0	0.0	0.0	0.0	0.0	0.0	0.0	0.0	0.0	0.0	0.0	0.0	0.0	0.0	0.0	0.108490566038	0.0	0
30109	0.0	0.0	0.0	0.0	0.0	0.0	0.0	0.0	0.0	0.0	0.0	0.0	0.0	0.0	0.0	0.0	0.0	0.0	0.0	0.0	0.0	0.0	0.0	0.0	0.0	0.0	0.0	0.0	0.0	0.0	0.0	0.0	0.0	0.0	0.0588235294118	0.0	0.0	0.0	0.0	0.0	0.0	0.0	0.0	0.0	0.0	0.0	0.0	0.0	0.0	0.0	0.0	0.0	0.0	0.0	0.0	0.0	0.0	0.0	0.0	0.0	0.0	0.0	0.0	0.0	0.0	0.0	0.0	0.0	0.0	0.0	0.0	0.0	0.0	0.0	0.0	0.0	0.0	0.0	0.0	0.0	0.0	0.0	0.0	0.0	0.0	0.0	0.0	0.0	0.0	0.0	0.0	0.0	0.0	0.0	0.0	0.0	0.0	0.0	0.0	0.0	0.0	0.0	0.0	0.0	0.0	0.0	0.0	0.0	0.0	0.0	0.0	0.0	0.0	0.0	0.0	0.0	0.0	0.0	0.0	0.0	0.0	0.0	0.0	0.0	0.0	0.0	0.0	0.0	0.0	0.0	0.0	0.0	0.0	0.0	0.0	0.0	0.0	0.0	0.0	0.0	0.0	0.0	0.0	0.0	0.0	0.0	0.0	0.0	0.0	0.0	0.0	0.0	0.0	0.0	0.0	0.0	0.0	0.0	0.0	0.0	0.0	0.0	0.0	0.0	0.0	0.0	0.0	0.0	0.0	0.0	0.0	0.0	0.0	0.0	0.0	0.0	0.0	0.0	0.0	0.0	0.0	0.0	0.0	0.0	0.0	0.0	0.0	0.0	0.0	0.0	0.0	0.0	0.0	0.0	0.0	0.0	0.0	0.0	0.0	0.0	0.0	0.0	0.0	0.0	0.0	0.0	0.0	0.0	0.0	0.0	0.0	0.0	0.0	0.0	0.0	0.0	0.0	0.117647058824	0.0	0.0	0.0	0.0	0.0	0.0	0.0980392156863	0.0	0.0	0.352941176471	0.0	0.0	0.0	0.078431372549	0.0	0.0	0.0	0.0	0.0	0.0	0.0	0.0	0.0	0.0	0.0	0.0	0.0	0.0	0.0	0.0	0.0	0.0	0.0	0.0	0.0	0.0	0.0	0.0	0.0	0.0	0.0	0.0	0.0	0.0	0.0	0.0	0.0	0.0	0.0	0.0	0.0	0.0	0.0	0.0	0.0	0.0	0.0	0.0	0.0	0.0	0.0	0.0	0.0	0.0	0.0	0.0	0.0	0.0	0.0	0.0	0.0	0.0	0.0	0.0	0.0	0.0	0.0	0.0	0.0	0.0	0.0	0.0	0.0	0.0	0.0	0.0	0.0	0.0	0.0	0.0	0.0	0.0	0.0	0.0	0.0	0.0	0.294117647059	0.0	5
30110	0.0	0.0	0.0	0.0	0.0	0.0	0.0	0.0	0.0	0.0	0.0	0.016393442623	0.0	0.0	0.0	0.0	0.0	-0.0327868852459	0.0	0.0	0.0	0.0	0.0	0.0	0.0	0.0	0.0	0.0	0.0	0.0327868852459	0.0	0.0	0.0	0.0	0.0327868852459	0.0	0.0	0.0	0.0	0.0	0.0	0.0	0.0	0.0	0.0	0.0	0.0	0.0	0.016393442623	0.0	0.0	0.0	0.00546448087432	0.016393442623	0.0	0.0	0.0	0.0	0.0	0.016393442623	0.0	0.0	0.0	0.0	0.0	0.0327868852459	0.0	0.0	0.0	0.0	0.0	0.0	0.0	0.0	0.0	0.0	0.0	0.0	0.0	0.0	0.0	0.0	0.0	0.0	0.0	0.0	0.0	0.0	0.0	0.0	0.0	0.0	0.0	0.0	0.0	0.0	0.0	0.0	0.0	0.0	0.0	0.0	0.016393442623	0.016393442623	0.016393442623	0.0	0.0327868852459	0.0	0.0218579234973	0.0	0.0	0.0	0.0	0.0	0.0	0.0	0.0	0.0	0.0	0.0	0.0	0.0	0.0	0.0	0.0	0.0	0.0	0.0	0.0	0.0	0.0	0.0	0.0	0.0327868852459	0.0	0.0	0.0	0.0	0.0	0.0	0.0	0.0327868852459	0.0	0.0	0.0	0.0	0.0	0.0	0.0	0.0	0.0	0.0	0.0	0.0	0.0	0.0	0.0	0.0	0.0	0.0	0.0	0.00546448087432	0.0	0.0	0.0	0.0	0.00546448087432	0.0	0.0	0.0	0.0	0.0	0.0	0.0	0.0	0.0	0.00546448087432	0.0327868852459	0.0327868852459	0.0109289617486	0.0	0.0	0.0	0.0	0.0	0.0	0.0	0.0	0.0	0.0	-0.0327868852459	0.0	-0.0327868852459	-0.0327868852459	-0.0327868852459	-0.0327868852459	0.0	0.0	-0.0327868852459	0.0327868852459	0.0	-0.0327868852459	0.0	0.0	0.0	0.0491803278689	0.0	0.0	0.0	0.0	0.0	0.016393442623	0.0	0.0	0.0	0.0	0.0	0.0	0.0	0.0	0.0	0.0	0.0	0.0	0.327868852459	0.0	0.0	0.0	0.0	0.0	0.0	0.0	0.0	0.0327868852459	0.0327868852459	0.0327868852459	0.0	0.0	0.0	0.0	0.0	0.0	0.0	0.0	0.0	0.0	0.0	0.0	0.0	0.0	0.0	0.0	0.0	0.0	0.0	0.0	0.0	0.0	0.0	0.0	0.0	0.0	0.0	0.0	0.0	0.0	0.0	0.0	0.0	0.0	0.0	0.0327868852459	0.0	0.0	0.0	0.0	0.0	0.0327868852459	0.0327868852459	0.0327868852459	0.0327868852459	0.0327868852459	0.0	0.0	0.0	0.0	0.0	0.0	0.0	0.0	0.0	0.0	0.0	0.0	0.0	0.0	0.0	0.0	0.0	0.0	0.0	0.0	0.0	0.0	0.0	0.0	0.0	0.0	0.0	0.0	0.0	0.0	0.0	-0.00546448087432	0.114754098361	0.0	0
30111	0.0181268882175	0.0	0.0	0.0	0.0	0.0	0.0	0.0	0.0181268882175	0.0181268882175	0.0181268882175	0.0	0.0	0.0	0.0	0.0	0.0	-0.0332326283988	0.0	0.0	0.0	0.0	0.0	0.0	0.0	0.0	0.0	0.0	0.0	0.00302114803625	0.0181268882175	0.0	0.0	0.0	0.0181268882175	0.0181268882175	0.0	0.0	0.0	0.0	0.0	0.0	0.0	0.0	0.0	0.0181268882175	0.0	0.0	0.0	0.0181268882175	0.0	0.0	0.00604229607251	0.0	0.0	0.0	0.0	0.0	0.0	0.0	0.0	0.0	0.0	0.0	0.0	0.0181268882175	0.00302114803625	0.0	0.0	0.0	0.0	0.0	0.0	0.0	0.0	0.0	0.0	0.0	0.0	0.0	0.0	0.0	0.0	0.0181268882175	0.0	0.0181268882175	0.0	0.0	0.0	0.0	0.0	0.0181268882175	0.0	0.0	0.0	-0.0181268882175	0.0	0.0	0.0	0.0	0.0	0.0	0.0	0.00906344410876	0.0	0.0	0.00906344410876	0.0	0.0	0.0	0.0	0.00302114803625	0.0151057401813	0.0	0.0	0.0	0.0	0.0	0.0181268882175	0.0	0.00604229607251	0.0181268882175	0.0	0.0181268882175	0.0	0.0	0.0	0.0	0.0	0.0	0.0	0.0	0.0	0.036253776435	0.0	0.0181268882175	0.0	0.0181268882175	0.0	0.0	0.0	0.0181268882175	0.0	0.0	0.0	0.0	0.0	0.0	0.0	0.0	0.0	0.0	0.0181268882175	0.0271903323263	0.0	0.0	0.0	0.0	0.0	0.0	0.0	0.0181268882175	0.00604229607251	0.00604229607251	0.0	0.0	0.0	0.0	0.0	0.0	0.0	0.0	0.0	0.0	0.0	0.0	0.0181268882175	0.0	0.0181268882175	0.0	0.0	0.0	0.0	0.0	0.0	0.0	0.0	0.0	0.0181268882175	0.0	0.0	0.0181268882175	0.0	0.0151057401813	0.0	0.0	0.0	0.0	0.0	0.0151057401813	0.0	0.0	0.0	0.0	0.0	0.0181268882175	0.0	0.0	0.0	0.0	0.036253776435	0.0392749244713	0.0	0.0	0.00906344410876	0.036253776435	0.0181268882175	0.0	0.012084592145	0.0	0.0	0.0	0.0	0.0	0.0845921450151	0.0	0.0	0.036253776435	0.0	0.0	0.0	0.0	0.0	0.0	0.0	0.0	0.0	0.0	0.0	0.0	0.0	0.0	0.0	0.0	0.0181268882175	0.0181268882175	0.0181268882175	0.0181268882175	0.0	0.0	0.0	0.0181268882175	0.0181268882175	0.0	0.0	0.0	0.0	0.0	0.0	0.0	0.0	0.0	0.0	0.0	0.0	0.0	0.0	0.0	0.0	0.0	0.0	0.0181268882175	0.0	0.0	0.0	0.0	0.0	0.0	0.0	0.0	0.0	0.0	0.0	0.0	0.0	0.0	0.0	0.012084592145	0.0	0.0	0.0	0.0	0.0	0.0	0.0	0.0	0.0	0.0	0.0	0.0	0.0	0.0	0.0	0.0	0.0	0.0	0.0	0.0	0.00302114803625	0.0	0.0	0.0	0.0	-0.0181268882175	0.02416918429	0.0	2
30113	0.0209059233449	0.0	0.0	0.00696864111498	0.0	0.0	0.0209059233449	0.0	0.0	0.0	0.0	0.0	0.0	0.0	0.0	0.0	0.0	0.01393728223	0.0	0.0	0.0	0.0	0.0	0.0	0.0	0.01393728223	0.0	0.0	0.0	0.01393728223	0.0	0.01393728223	0.0	0.0209059233449	0.0418118466899	0.0209059233449	0.0	0.0	0.0	0.0209059233449	0.0	0.0	0.0	0.0	0.0	0.0	0.0	0.0	0.0	0.0209059233449	0.0	0.0	0.0	0.0	0.0	0.0209059233449	0.0	0.0	0.0	0.0	0.0	0.0209059233449	0.0	0.0	0.0	0.0209059233449	0.0	0.0	0.0	0.0	0.0	0.0	0.0	0.0	0.0	-0.0209059233449	0.0	0.0	0.0	-0.0209059233449	-0.0209059233449	-0.0209059233449	0.0	0.0	0.0	0.0	0.0	0.0	0.0	0.0	0.0	0.0	0.0	0.0	0.0	0.0	0.0	0.0209059233449	0.00348432055749	0.0	0.0209059233449	0.0	0.0209059233449	0.00348432055749	0.0243902439024	0.0	0.0	0.0	0.0	0.0209059233449	0.0209059233449	0.0209059233449	0.0209059233449	0.0	0.0	0.0	0.0	0.0	0.0	0.0	0.0209059233449	0.0174216027875	0.0209059233449	0.0209059233449	0.0	0.0	0.0	0.0104529616725	0.0	0.0	0.0	0.0209059233449	0.0	0.0209059233449	0.01393728223	0.0	0.0	0.0	0.0	0.0	0.0	0.0	0.0	0.0	0.0	0.00696864111498	0.0	0.0	0.0	0.0	0.0	0.0209059233449	0.0243902439024	0.0209059233449	0.01393728223	0.0209059233449	0.0	0.0	0.00348432055749	0.0	0.0	0.01393728223	0.0	0.0	0.0	0.0	0.0	0.0	0.0	0.0	0.0	0.0	0.0	0.0	0.0209059233449	0.0	0.0209059233449	0.0209059233449	0.01393728223	0.0	0.0	0.0	0.0	0.0	0.0	0.0	0.0	0.0174216027875	0.01393728223	0.01393728223	-0.0104529616725	0.0	0.0	0.01393728223	0.0	-0.0209059233449	0.0209059233449	0.0	-0.0174216027875	-0.00696864111498	0.0209059233449	0.0	0.0	0.0	0.0	0.0209059233449	0.0	0.0	0.0	0.0	0.0209059233449	0.00696864111498	0.0209059233449	0.0	0.0	0.0418118466899	0.0209059233449	0.0	0.0	0.0	0.0	0.0	0.0	0.0	0.0662020905923	0.0	0.0	-0.0209059233449	0.0	0.0	0.0	0.0209059233449	0.0	0.0	0.0	0.0	-0.0209059233449	-0.0209059233449	0.0	0.0	0.0	0.0	0.0	0.0	0.0209059233449	0.0209059233449	0.0209059233449	0.0209059233449	0.0	0.0	-0.00348432055749	-0.0209059233449	0.0	-0.0174216027875	-0.0209059233449	-0.0174216027875	-0.0209059233449	-0.0104529616725	0.0	-0.0209059233449	-0.0209059233449	0.0	-0.0209059233449	0.0	0.0	0.0	0.0	0.0	-0.0209059233449	0.0	0.0	0.0209059233449	0.0209059233449	0.0	0.0	0.0	0.0209059233449	0.0	0.0	0.0	0.0	0.0	0.0209059233449	0.0	0.0	0.0	0.0	0.0209059233449	0.0	0.0	0.0	0.0	0.0	0.0	0.0	0.0209059233449	0.0	0.0	0.0	0.0	0.0	0.0	0.0	0.0	0.0	0.0	-0.01393728223	0.0	0.0209059233449	0.0	0.0	0.0209059233449	0.0	0.0	0.0209059233449	0.0	2
30116	0.0	0.0	0.0	0.0148148148148	0.0	0.0	0.0	0.0	0.0	0.0	0.0296296296296	0.0	0.0	0.0	0.0	0.0	0.0	0.0	0.0	0.0	0.0	0.0	0.0	0.0	0.0	0.0	0.0	0.0	0.0	0.0	0.0	0.0	0.0	0.0	0.0148148148148	0.0	0.0	0.0	0.0	0.0	0.0	0.0	0.0	0.0	0.0	0.0	0.0	0.0444444444444	0.0	0.0444444444444	0.0	0.0	0.0	0.0	0.0	0.0	0.0	0.0	0.0	0.0	0.0	0.0	0.0	0.0	0.0148148148148	0.0444444444444	0.0	0.0	0.0	0.0	0.0	0.0	0.0	0.0	0.0	0.0148148148148	0.0	0.0	0.0	0.0	0.0	0.0	0.0	0.0444444444444	0.0	0.0	0.0	0.0	0.0	0.0	0.0	0.0	0.0	0.0	0.0	0.0	0.0	0.0	0.0	0.0	0.0	0.0	0.0	0.0444444444444	0.0	0.0	0.0	0.0	0.0	0.0	0.0	0.00740740740741	0.0	0.0	0.0	0.0	0.0	0.0	0.0	0.0	0.0222222222222	0.0222222222222	0.00740740740741	0.0296296296296	0.0	0.0	0.0	0.0	0.0	0.0	0.0	0.0	0.0	0.0	0.0	0.0	0.0	0.0	0.0	0.0	0.0	0.0	0.0	0.0	0.0	0.0	0.0	0.0	0.0	0.0	0.0	0.0	0.0666666666667	0.0444444444444	0.0	0.0	0.0	0.0	0.0	0.0	0.0	0.0	0.0	0.0	0.0	0.0	0.0148148148148	0.0	0.0	0.0	0.0	0.0	0.0	0.0	0.0	0.0	0.0	0.0	0.0	0.0	0.0	0.0444444444444	0.0	0.0	0.0	0.0	0.0	0.0	0.0	0.0	0.0	0.0	0.0	0.0444444444444	0.0	0.0	0.0	0.0	0.0	0.0444444444444	0.0	0.0	0.0	0.0	0.0	0.0	0.0	0.0	0.0	0.0	0.0444444444444	0.0222222222222	0.0	0.0	0.0	0.0	0.0	0.0	0.0	0.0	0.0	0.0	0.0	0.0	0.192592592593	0.0	0.0	0.0444444444444	0.0	0.0	0.0	0.0	0.0	0.0	0.0	0.0	0.0	0.0	0.0	0.0	0.0	0.0	0.0	0.0	0.0	0.0	0.0	0.0	0.0	0.0	0.0	0.0	0.0	0.0	0.0	0.0	0.0	0.0	0.0	0.0	0.0	0.0	0.0	0.0	0.0	0.0	0.0	0.0	0.0	0.0	0.0	0.0	0.0	0.0	0.0	0.0	0.0	0.0	0.0	0.0	0.0	0.0	0.0	0.0	0.0	0.0	0.0	0.037037037037	0.0	0.0	0.0	0.0	0.0	0.0	0.0	0.0	0.0	0.0	0.0	0.0	0.0	0.0	0.0	0.0	0.0	0.0	0.0	0.0	0.0	0.0	0.0	0.0	0.0	-0.0444444444444	0.0444444444444	0.0	2
30121	0.0	0.0	0.0	0.0	0.0	0.0	0.0	0.0	0.0	0.0	0.0	0.0	0.0	0.0	0.0	0.0	0.0	0.0	0.0	0.0	0.0	0.0	0.0	0.0	0.0	0.0	0.0	0.0	0.0	0.0	0.0	0.0	0.0	0.0	0.12	0.0	0.0	0.0	0.0	0.0	0.0	0.0	0.0	0.0	0.0	0.0	0.0	0.0	0.0	0.0	0.0	0.0	0.0	0.0	0.0	0.0	0.0	0.0	0.0	0.0	0.0	0.0	0.0	0.0	0.0	0.0	0.0	0.0	0.0	0.0	0.0	0.0	0.0	0.0	0.0	0.0	0.0	0.0	0.0	0.0	0.0	0.0	0.0	0.0	0.0	0.0	0.0	0.0	0.0	0.0	0.0	0.24	0.0	0.0	0.0	0.0	0.0	0.0	0.0	0.0	0.0	0.0	0.0	0.0	0.0	0.0	0.0	0.0	0.0	0.0	0.0	0.0	0.0	0.0	0.0	0.0	0.0	0.0	0.0	0.0	0.0	0.0	0.0	0.0	0.0	0.0	0.0	0.0	0.0	0.0	0.0	0.0	0.0	0.0	0.0	0.0	0.0	0.0	0.0	0.0	0.0	0.0	0.0	0.0	0.0	0.0	0.24	0.0	0.0	0.0	0.0	0.0	0.0	0.0	0.0	0.0	0.0	0.0	0.0	0.0	0.0	0.0	0.0	0.0	0.0	0.0	0.0	0.0	0.0	0.0	0.0	0.0	0.0	0.0	0.0	0.0	0.0	0.0	0.0	0.0	0.0	0.0	0.0	0.0	0.0	0.0	0.0	0.0	0.0	0.0	0.0	0.0	0.0	0.0	0.0	0.0	0.0	0.0	0.0	0.0	0.0	0.0	0.0	0.0	0.0	0.0	0.0	0.0	0.0	0.0	0.0	0.0	0.0	0.0	0.0	0.0	0.0	0.0	0.0	0.0	0.0	0.0	0.0	0.0	0.0	0.0	0.0	0.0	0.0	0.0	0.0	0.0	0.0	0.0	0.0	0.0	0.0	0.0	0.0	0.0	0.0	0.0	0.0	0.0	0.0	0.04	0.0	0.0	0.0	0.0	0.0	0.0	0.0	0.0	0.0	0.0	0.0	0.0	0.0	0.0	0.0	0.0	0.0	0.0	0.0	0.0	0.0	0.0	0.0	0.0	0.0	0.0	0.0	0.0	0.0	0.0	0.0	0.0	0.0	0.0	0.0	0.0	0.0	0.24	0.0	0.0	0.0	0.0	0.0	0.0	0.0	0.0	0.0	0.0	0.0	0.0	0.0	0.0	0.0	0.0	0.0	0.0	0.0	0.0	0.0	0.0	0.0	0.0	0.0	0.0	0.0	0.0	0.0	0.0	0.12	0.0	6
30122	0.0	0.0	0.0	0.0	0.0	0.0	0.0	0.0	0.0	0.0	0.0	0.0	0.0	0.0	0.0	0.0	0.0	0.0	0.0	0.0	0.0	0.0	0.0	0.0	0.030612244898	0.0	0.0	0.0	0.0	0.0	0.0	0.0	0.0	0.0	0.030612244898	0.0	0.0	0.0	0.0	0.0	0.0	0.0	0.0	0.0	0.0	0.0	0.0	0.00510204081633	0.0	0.030612244898	0.0	0.0	0.0204081632653	0.0	0.0	0.0	0.0	0.0	0.0	0.0	0.0	0.0	0.0	0.0	0.0	0.0	0.0	0.0	0.0	0.0	0.0	0.0	0.0	0.0	0.0	0.0	0.0	0.0	0.0	0.0	0.0	0.0	0.0	0.0	0.0	0.0	0.0	0.0	0.0	0.0	0.0	0.0	0.0	0.0	0.0	0.0	0.0	0.0	0.0	0.0	0.0	0.0	0.0	0.0	0.015306122449	0.0	0.0	0.0	0.0	0.0	0.0	0.0	0.0	0.0	0.0	0.0	0.0	0.0	0.0	0.0	0.0	0.0	0.0	0.0	0.0	0.0	0.0	0.0	0.0	0.0	0.0	0.0	0.0	0.0	0.0	0.0	0.0	0.030612244898	0.0	0.0	0.0	0.030612244898	0.0	0.0	0.0	0.0	0.0	0.0	0.0	0.0	0.0	0.0	0.0	0.0	0.0	0.0	0.0	0.0	0.0	0.0	0.0	0.0	0.0	0.0	0.0	0.0	0.0	0.0	0.0	0.0	0.0	0.0	0.0	0.0	0.0	0.0	0.0	0.00510204081633	0.0	0.0	0.0	0.0	0.0	0.0	0.0	0.0	0.0	0.0	0.0	0.0	0.0	0.0	0.0	0.0	0.0	0.0	0.0	0.0	0.0	0.0	0.0	0.0	0.0	0.0	0.0	0.030612244898	0.0	0.0	0.0	0.0	0.0	0.0	0.0	0.0	0.0	0.0	0.0	0.0	0.030612244898	0.0	0.0	0.0	0.030612244898	0.0	0.122448979592	0.0	0.0	0.0	0.0	0.0	0.0	0.0	0.0	0.0	0.0	0.0	0.0	0.0	0.0	0.0	0.0	0.0	0.0	0.0	0.0	0.0255102040816	0.0	0.0	0.0	0.0	0.0	0.0	0.0	0.0	0.0	0.0	0.0	0.0	0.0	0.0	0.0	0.0	0.0	0.0	0.0	0.0	0.0	0.0	0.0	0.0	0.0	0.0	0.0	0.0	0.0	0.0	0.0	0.0	0.0	0.0	0.0	0.0	0.0	0.0	0.0	0.0	0.0	0.0	0.0	0.0	0.0	0.0	0.0	0.0	0.0	0.0	0.0	0.0	0.0	0.0	0.0	0.0	0.0	0.0	0.0	0.0	0.0	0.0	0.0	0.0	0.0	0.0	0.0	0.0	0.561224489796	0.0	3
30123	0.0	0.00267857142857	0.00267857142857	0.00267857142857	0.0	0.0	0.0	0.0	0.0	0.0	0.000892857142857	0.00535714285714	0.00267857142857	0.00535714285714	0.00267857142857	0.00535714285714	0.0	0.00267857142857	0.00267857142857	0.00267857142857	0.00535714285714	0.00267857142857	0.00267857142857	0.00267857142857	0.00267857142857	0.00803571428571	0.00535714285714	0.00267857142857	0.00267857142857	0.0133928571429	0.0	0.00535714285714	0.00267857142857	0.0	0.0348214285714	0.0	0.0	0.00267857142857	0.0	0.0	0.00267857142857	0.00267857142857	0.00267857142857	0.00267857142857	0.00267857142857	0.0	0.0	0.0	0.0	0.0	0.0	0.00267857142857	0.0160714285714	0.0	0.0	0.0	0.00133928571429	0.00267857142857	0.00267857142857	0.00267857142857	0.0	0.00267857142857	0.00267857142857	0.00267857142857	0.00267857142857	0.00267857142857	0.0	0.00535714285714	0.00267857142857	0.00267857142857	0.0	0.00267857142857	0.00267857142857	0.00267857142857	0.00267857142857	0.00535714285714	0.00267857142857	0.00535714285714	0.00535714285714	0.0	0.00267857142857	0.00267857142857	0.00267857142857	0.00267857142857	0.00267857142857	0.00267857142857	0.0	0.00267857142857	0.00267857142857	0.00267857142857	0.00267857142857	0.00267857142857	0.0	0.0	0.00267857142857	0.0	0.0	0.0	0.0	0.0	0.0	0.0	0.0	0.00267857142857	0.00267857142857	0.00267857142857	0.00267857142857	0.00535714285714	0.00267857142857	0.0	0.0	0.0	0.00267857142857	0.0	0.0	0.0	0.0	0.00267857142857	0.00267857142857	0.00267857142857	0.00803571428571	0.0107142857143	0.00803571428571	0.0133928571429	0.00267857142857	0.00535714285714	0.0	0.0	0.0	0.0	0.0	0.0	0.0	0.00535714285714	0.0	0.0	0.0	0.0	0.00267857142857	0.00669642857143	0.00267857142857	0.00267857142857	0.0	0.00535714285714	0.0	0.0	0.00535714285714	0.00267857142857	0.00267857142857	0.00535714285714	0.0	0.0	0.028125	0.00669642857143	0.00267857142857	0.00267857142857	0.00535714285714	0.00267857142857	0.0	0.0	0.00267857142857	0.00803571428571	0.0	0.0	0.00267857142857	0.00267857142857	0.00669642857143	0.00535714285714	0.00267857142857	0.00267857142857	0.0	0.00267857142857	0.00267857142857	0.00267857142857	0.00267857142857	0.00267857142857	0.0107142857143	0.0133928571429	0.0160714285714	0.00535714285714	0.00535714285714	0.0160714285714	0.00133928571429	0.0	0.00535714285714	0.0	0.00267857142857	0.00267857142857	0.0107142857143	0.00803571428571	0.0	0.0	0.0	0.00803571428571	0.0	0.0	0.0	0.00267857142857	0.00133928571429	0.00803571428571	0.0	0.00267857142857	0.0	0.0	0.0	0.0241071428571	0.00267857142857	0.00267857142857	0.00267857142857	0.0	0.0133928571429	0.0147321428571	0.00267857142857	0.0	0.00267857142857	0.0267857142857	0.00803571428571	0.00267857142857	0.0	0.0	0.0	0.0	0.00535714285714	0.0	0.0428571428571	0.0	0.0	0.0348214285714	0.0	0.0	0.0	0.00535714285714	0.0	0.0	0.0	0.0	0.00535714285714	0.00267857142857	0.0	0.0	0.00267857142857	0.00267857142857	0.0	0.0	0.0	0.00267857142857	0.0	0.0	0.00267857142857	0.00267857142857	0.00267857142857	0.00267857142857	0.00267857142857	0.0	0.0	0.00267857142857	0.00267857142857	0.0	0.00267857142857	0.00535714285714	0.00267857142857	0.00267857142857	0.00267857142857	0.00267857142857	0.00535714285714	0.00267857142857	0.00267857142857	0.00267857142857	0.00803571428571	0.0	0.00267857142857	0.0	0.0	0.0	0.0	0.0	0.0	0.0	0.0	0.0	0.0	0.0	0.0	0.00267857142857	0.00267857142857	0.00267857142857	0.0	0.0	0.0	0.0	0.00267857142857	0.00803571428571	0.0	0.00535714285714	0.00267857142857	0.0	0.0	0.00267857142857	0.0	0.0	0.0	0.0	0.00267857142857	0.0	0.0	0.00535714285714	0.00267857142857	0.00267857142857	0.0	0.0	0.0	0.0	0.0	0.0	0.0910714285714	0.00267857142857	2
30124	0.0	0.0	0.0	0.0	0.0	0.0	0.0	0.0	0.0	0.0	0.0	0.0	0.0	0.0	0.0	0.0	0.0	0.0	0.0	0.0	0.0	0.0	0.0	0.0	0.0	0.0	0.0	0.0	0.0	0.0	0.0	0.0	0.0	0.0	0.0	0.0	0.0	0.0	0.0	0.0	0.0	0.0	0.0	0.0	0.0	0.0	0.0	0.0	0.0	0.0	0.0	0.0	0.0	0.0	0.0	0.0	0.0	0.0	0.0	0.0	0.0	0.0	0.0	0.0	0.0	0.0	0.0	0.0	0.0	0.0	0.0	0.0	0.0	0.0	0.0	0.0	0.0	0.0	0.0	0.0	0.0	0.0	0.0	0.0	0.0	0.0	0.0	0.0	0.0	0.0	0.0	0.0	0.0	0.0	0.0	0.0	0.0	0.0	0.0	0.0	0.0	0.0	0.0	0.0	0.0	0.0	0.0	0.0	0.0	0.0	0.0	0.0	0.0	0.0	0.0	0.0	0.0	0.0	0.0	0.0	0.0	0.0	0.0	0.0	0.0	0.0	0.0	0.0	0.0	0.0	0.0	0.0	0.0	0.0	0.0	0.0	0.0	0.0	0.0	0.0	0.0	0.0	0.0	0.0	0.0	0.0	0.0	0.0	0.0	0.0	0.0	0.0	0.0	0.0	0.0	0.0	0.0	0.0	0.0	0.0	0.0	0.0	0.0	0.0	0.0	0.0	0.0	0.0	0.0	0.0	0.0	0.0	0.0	0.0	0.0	0.0	0.0	0.0	0.0	0.0	0.0	0.0	0.0	0.0	0.0	0.0	0.0	0.0	0.0	0.0	0.0	0.0	0.0	0.0	0.0	0.0	0.0	0.0	0.0	0.0	0.0	0.0	0.0	0.0	0.0	0.0	0.0	0.0	0.0	0.0	0.0	0.0	0.0	0.0	0.0	0.0	0.0	0.222222222222	0.0	0.0	0.0	0.0	0.0	0.222222222222	0.111111111111	0.0	0.0	0.0	0.0	0.0	0.0	0.0	0.0	0.0	0.0	0.0	0.0	0.0	0.0	0.0	0.0	0.0	0.0	0.0	0.0	0.0	0.0	0.0	0.0	0.0	0.0	0.0	0.0	0.0	0.0	0.0	0.0	0.0	0.0	0.0	0.0	0.0	0.0	0.0	0.0	0.0	0.0	0.0	0.0	0.0	0.0	0.0	0.0	0.0	0.0	0.0	0.0	0.0	0.0	0.0	0.0	0.0	0.0	0.222222222222	0.0	0.0	0.0	0.0	0.0	0.0	0.0	0.0	0.0	0.0	0.0	0.0	0.0	0.0	0.222222222222	0.0	0.0	0.0	0.0	0.0	0.0	0.0	0.0	0.0	0.0	0.0	0.0	0.0	0.0	0.0	0.0	0.0	4
30125	0.0	0.0	0.0	0.0	0.0	0.0	0.0	0.0	0.0	0.0	0.0	0.0	0.0	0.0	0.0	0.0	0.0	0.0	0.0	0.0	0.0	0.0	0.0	0.0	0.0	0.0	0.0	0.0	0.0	0.0	0.0	0.0	0.0	0.0	0.103448275862	0.0	0.0	0.0	0.0	0.0	0.0	0.0	0.0	0.0	0.0	0.0	0.0	0.0	0.0	0.0	0.0	0.0	0.0	0.0	0.0	0.0	0.0	0.0	0.0	0.0	0.0	0.0	0.0	0.0	0.0	0.0	0.0	0.0	0.0	0.0	0.0	0.0	0.0	0.0	0.0	0.0	0.0	0.0	0.0	0.0	0.0	0.0	0.0	0.103448275862	0.0	0.0	0.0	0.0	0.0	0.0	0.0	0.0	0.0	0.0	0.103448275862	0.0	0.0	0.0	0.0	0.0	0.0	0.0	0.0	0.0	0.0	0.0	0.0	0.0	0.0	0.0	0.0	0.0	0.0	0.0	0.0	0.0	0.0	0.0	0.0	0.0	0.0	0.0	0.0	0.0	0.0	0.0	0.0	0.0	0.0	0.0	0.0	0.0	0.0	0.0	0.0	0.0	0.0	0.0	0.0	0.0	0.0	0.0	0.0	0.0	0.0	0.0	0.0	0.0	0.0	0.0	0.0	0.0	0.0	0.0	0.0	0.0	0.0	0.0	0.0	0.0	0.0	0.0	0.0	0.0	0.0	0.0	0.0	0.0	0.0	0.0	0.0	0.0	0.0	0.0	0.0	0.0	0.0	0.0	0.0	0.0	0.0	0.0	0.0	0.0	0.0	0.0	0.0	0.0	0.0	0.0	0.0	0.0	0.0	0.0689655172414	0.0	0.0	0.0	0.0	0.0	0.0	0.0	0.0	0.0	0.0	0.0	0.0	0.0	0.0	0.0	0.0	0.0	0.103448275862	0.0	0.0	0.0	0.0	0.0	0.0	0.0	0.0	0.0	0.0	0.0	0.0	0.379310344828	0.0	0.0	0.137931034483	0.0	0.0	0.0	0.0	0.0	0.0	0.0	0.0	0.0	0.0	0.0	0.0	0.0	0.0	0.0	0.0	0.0	0.0	0.0	0.0	0.0	0.0	0.0	0.0	0.0	0.0	0.0	0.0	0.0	0.0	0.0	0.0	0.0	0.0	0.0	0.0	0.0	0.0	0.0	0.0	0.0	0.0	0.0	0.0	0.0	0.0	0.0	0.0	0.0	0.0	0.0	0.0	0.0	0.0	0.0	0.0	0.0	0.0	0.0	0.0	0.0	0.0	0.0	0.0	0.0	0.0	0.0	0.0	0.0	0.0	0.0	0.0	0.0	0.0	0.0	0.0	0.0	0.0	0.0	0.0	0.0	0.0	0.0	0.0	0.0	0.0	0.0	0.0	0
30126	0.0	0.0	0.0	0.0	0.0	0.0	0.0	0.0	0.0	0.0	0.0	0.0	0.0	0.0	0.0	0.0	0.0	0.0	0.0	0.0	0.0	0.0	0.0	0.0	0.0521739130435	0.00869565217391	0.0	0.0	0.0	0.0260869565217	0.0	0.0	0.0	0.0	0.0434782608696	0.0	0.0	0.0260869565217	0.0	0.0	0.0	0.0	0.0	0.0	0.0	0.0	0.0	0.0	0.0	0.0173913043478	0.0	0.0	0.0260869565217	0.0260869565217	0.0	0.0	0.0	0.0	0.0	0.0	0.0	0.0	0.0	0.0	0.0	0.0	0.0	0.0	0.0	0.0	0.0	0.0	0.0	0.0	0.0	0.0	0.0	0.0	0.0	0.0	0.0	0.0	0.0	0.0	0.0	0.0	0.0	0.0	0.0	0.0	0.0260869565217	0.0	0.0	0.0	0.0260869565217	0.0	0.0	0.0	0.0	0.0	0.0	0.0	0.0	0.0478260869565	0.0173913043478	0.0	0.0	0.0	0.0	0.0	0.0	0.0	0.0173913043478	0.0	0.0	0.0	0.0	0.0	0.0	0.0	0.0	0.0260869565217	0.00869565217391	0.0434782608696	0.0	0.0	0.0	0.0	0.0	0.0	0.0	0.0	0.0	0.0	0.0	0.0	0.0	0.0	0.0	0.0	0.0	0.0	0.0	0.0	0.0	0.0	0.0	0.0	0.0	0.0	0.0	0.0	0.0260869565217	0.0260869565217	0.0130434782609	0.0	0.0	0.0	0.0	0.0	0.0	0.00869565217391	0.0	0.0	0.0	0.0	0.0	0.0	0.0	0.0	0.0	0.0	0.0	0.0	0.0	0.0260869565217	0.0	0.0260869565217	0.0260869565217	0.0	0.0	0.0	0.0	0.0	0.0	0.0	0.0	0.0	0.0	0.0	0.0	0.0	0.0	0.0347826086957	0.0	0.0	0.0	0.0	0.0	0.0260869565217	0.0	0.0	0.0	0.0	0.0	0.0521739130435	0.0	0.0	0.0	0.0	0.0	0.0652173913043	0.0	0.0	0.0	0.0	0.0	0.0	0.0	0.0	0.0	0.0	0.0	0.0	0.139130434783	0.0	0.0130434782609	0.0260869565217	0.0	0.0	0.0	0.0	0.0	0.0	0.0	0.0	0.0	0.0	0.0	0.0	0.0	0.0	0.0	0.0	0.0	0.0	0.0	0.0	0.0	0.0	0.0	0.0	0.0	0.0	0.0	0.0	0.0	0.0	0.0	0.0	0.0	0.0	0.0	0.0	0.0	0.0	0.0	0.0	0.0	0.0	0.0	0.0	0.0	0.0	0.0	0.0	0.0	0.0	0.0	0.0	0.0	0.0	0.0	0.0	0.0	0.0	0.0	0.0	0.0	0.0	0.0	0.0	0.0	0.0	0.0	0.0	0.0	0.0	0.0	0.0	0.0	0.0	0.0	0.0	0.0	0.0	0.0	0.0	0.0	0.0	0.0	0.0	0.0	0.0	0.0521739130435	0.0	2
30302	0.0	0.0	0.0	0.0	0.0	0.0	0.0	0.0	0.0	0.0	0.0	0.0	0.0	0.0	0.0	0.0	0.0	0.0	0.0	0.0	0.0	0.0	0.0	0.0	0.0	0.0	0.0	0.0	0.0	0.0	0.0	0.0	0.0	0.0	0.0901639344262	0.0	0.0	0.0	0.0	0.0	0.0	0.0	0.0	0.0	0.0	0.0	0.0	0.0	0.0	0.0	0.0	0.0	0.0491803278689	0.0	0.0	0.0	0.0	0.0	0.0	0.0	0.0	0.0	0.0	0.0	0.0	0.0	0.0	0.0	0.0	0.0	0.0	0.0	0.0	0.0	0.0	0.0	0.0	0.0	0.0	0.0	0.0	0.0	0.0	0.0245901639344	0.0	0.0	0.0	0.0	0.0	0.0	0.0	0.0491803278689	0.0	0.0	0.0	0.0	0.0	0.0	0.0	0.0	0.0	0.0	0.0	-0.0327868852459	0.0	0.0	0.0	0.0	0.0	0.0	0.0	0.0	0.0	0.0	0.0	0.0	0.0	0.0	0.0	0.0	0.00819672131148	0.0	0.0	0.0	0.0	0.0	0.0	0.0	0.0	0.0	0.0	0.0	0.0	0.0983606557377	0.0	0.0	0.0	0.0	0.0	0.0	0.0	0.0245901639344	0.0	0.0	0.0	0.0	0.0	0.0	0.0	0.0	0.0	0.0	0.0	0.0245901639344	0.0	0.0	0.0	0.0	0.0	0.0	0.0	0.0245901639344	0.0	0.0	0.0	0.0	0.0	0.0	0.0	0.0	0.0	0.0	0.0	0.0	0.0	0.0	0.0	0.0	0.0	0.0	0.0	0.0	0.0	0.0491803278689	0.0	0.0	0.0	0.00819672131148	0.0	0.0	0.0	0.0	-0.0491803278689	0.0819672131148	0.0	-0.0245901639344	0.0	0.0	0.0	0.0	0.0	0.0409836065574	0.0	0.0	0.0	0.0491803278689	0.0	0.0	0.0	0.0491803278689	0.0491803278689	0.0491803278689	0.0	0.0	0.0	0.0491803278689	0.016393442623	0.0983606557377	0.0	0.0	0.0	0.0	0.0	0.0	0.0491803278689	0.0	0.0	0.0245901639344	0.0	0.0	0.0	0.0327868852459	0.0	0.0	0.0	0.0	0.0	0.0	0.0	0.0	0.0	0.0	0.0	0.0	0.0	0.0	0.0	0.0	0.0	0.0	0.0	0.0	0.0	0.0	0.0	0.0	0.0	0.0	0.0	0.0	0.0	0.0	0.0	0.0	0.0	0.0	0.0	0.0	0.0	0.0	0.0	0.0	0.0	0.0	0.0	0.0	0.0	0.0	0.0	0.0	0.0	0.0	0.0	0.0	0.0	0.0	0.0	0.0	0.0	0.0	0.0	-0.0491803278689	0.0	0.0	0.0	0.0	0.0	0.0	0.0	0.0	0.0	0.0	0.0	0.0	0.0	0.0	0.0	0.0	0.0	0.0	0.0	0.0	0.0	0.0	0.114754098361	0.0	2
30313	0.0	0.0	0.0	0.0	0.0	0.0	0.0	0.0145278450363	0.0	0.0	0.0	0.0	0.0	0.0	0.0	0.0	0.0	0.0	0.0	0.0	0.0	0.0	0.0	0.0	0.0145278450363	0.0	0.0	0.0	0.0	0.00726392251816	0.0	0.0	0.0	0.0	0.0290556900726	0.0	0.0	0.0	0.0	0.00968523002421	0.0	0.0	0.0	0.0	0.0	0.0	0.0	0.0	0.0	0.0145278450363	0.00726392251816	0.0145278450363	0.0290556900726	0.0	0.00726392251816	0.0	0.0	0.0	0.0	0.0	0.0	0.0	0.0	0.0	0.00968523002421	0.0	0.0	0.0	0.0	0.0	0.0	0.0	0.0	0.0	0.0	0.0	0.0	0.0	0.0	0.0	0.0	0.0	0.0	0.0145278450363	0.0145278450363	0.0	0.0	0.0	0.0	0.0145278450363	0.0	0.0145278450363	0.0	0.0	0.00968523002421	0.0	0.0145278450363	0.0	0.0	0.00968523002421	0.0145278450363	0.0	0.0145278450363	0.00968523002421	0.0145278450363	0.0	0.0145278450363	0.00484261501211	0.0	0.0	0.0	0.0	0.0	0.0	0.0	0.0	0.0	0.0	0.0	0.0	0.00968523002421	0.00242130750605	0.0145278450363	0.0	0.0	0.0	0.0	0.0	0.0	0.0	0.0	0.0	0.0	0.0	0.0	0.0	0.0	0.0	0.0	0.00726392251816	0.0	0.0145278450363	0.0145278450363	0.0	0.0	0.0	0.0	0.0	0.0	0.0	0.0	0.0	0.0290556900726	0.0	0.0	0.0	0.0	0.0	0.0	0.00726392251816	0.0	0.0	0.0	0.0	0.0	0.0	0.0	0.00484261501211	0.0	0.0	0.0	0.0	0.0	0.0	0.0	0.0	0.00484261501211	0.0145278450363	0.00726392251816	0.0	0.0	0.0	0.0	0.0	0.0	0.0	0.0	0.00726392251816	0.0	0.0	0.00242130750605	0.0	0.0	0.0363196125908	0.0	0.0	0.0	0.0	0.0145278450363	0.0145278450363	0.0	0.0145278450363	0.0145278450363	0.0145278450363	0.0145278450363	0.0145278450363	0.0	0.0	0.0	0.0	0.0145278450363	0.0702179176755	0.00968523002421	0.0	0.0	0.0	0.0145278450363	0.0145278450363	0.0	0.0	0.0	0.0	0.0	0.0	0.130750605327	0.0	0.0	0.0726392251816	0.0	0.0	0.0	0.0	0.0	0.0	0.0	0.0	0.0	0.0	0.0	0.0	0.0	0.0	0.0	0.0	0.0	0.0	0.0	0.0	0.0	0.0	0.0	0.0121065375303	0.0	0.0	0.0	0.0	0.0	0.0	0.0	0.0	0.0	0.0	0.0	0.0	0.0	0.0	0.0	0.0	0.0	0.0	0.0	0.0	0.0	0.0145278450363	0.0	0.0	0.0	0.0	0.0	0.0145278450363	0.0	0.0	0.0	0.0	0.0	0.0	0.0	0.0121065375303	0.0	0.0	0.0	0.0	0.0	0.0	0.0	0.0	0.0	0.0	0.0	0.0	0.0	0.0	0.0	0.0	0.0145278450363	0.0	0.0	0.0	0.0	0.0	0.0	0.0	0.0	0.0	0.00484261501211	0.0	2
30316	0.0	0.0	0.0	0.0	0.0	0.0	0.0	0.0	0.0	0.0	0.0	0.0	0.0	0.0	0.0	0.0	0.0	0.0	0.0	0.0	0.0	0.0	0.0	0.0	0.0	0.0	0.0	0.0	0.0	0.0	0.0	0.0	0.0	0.0	0.121212121212	0.0	0.0	0.0	0.0	0.0	0.0	0.0	0.0	0.0	0.0	0.0	0.0	0.0606060606061	0.0	0.0	0.0	0.0	0.0909090909091	0.0606060606061	0.0	0.0	0.0	0.0	0.0	0.0	0.0	0.0	0.0	0.0	0.0606060606061	0.0	0.0	0.0	0.0	0.0	0.0	0.0	0.0	0.0	0.0	0.0	0.0	0.0	0.0	0.0	0.0	0.0	0.0	0.0606060606061	0.0	0.0	0.0	0.0	0.0	0.0	0.0	0.0	0.0	0.0	0.0	0.0	0.0	0.0	0.0	0.0	0.0	0.0	0.0	0.0606060606061	0.0	0.0	0.0	0.0	0.0	0.0	0.0	0.0	0.0	0.0	0.0	0.0	0.0	0.0	0.0	0.0	0.0	0.0	0.0	0.0	0.0	0.0	0.0	0.0	0.0	0.0	0.0	0.0	0.0	0.0	0.0	0.0	0.0	0.0	0.0	0.0	0.0	0.0	0.0	0.0	0.0	0.0	0.0	0.0	0.0	0.0	0.0	0.0	0.0	0.0	0.0	0.0	0.0	0.0	0.0	0.0	0.0	0.0	0.0	0.0	0.0	0.0	0.0	0.0	0.0	0.0	0.0	0.0	0.0	0.0	0.0	0.0	0.0	0.0	0.0	0.0	0.0	0.0	0.0	0.0	0.0	0.0	0.0	0.0	0.0	0.0	0.0	0.0	0.0	0.0606060606061	0.0	0.0	0.0	0.0	0.0	0.0	0.0	0.0	0.0	0.0	0.0	0.0	0.0	0.0	0.0	0.0	0.0	0.0606060606061	0.0	0.0	0.0	0.0	0.0	0.0	0.0	0.0	0.0	0.0	0.0	0.0	0.363636363636	0.0	0.0	0.0	0.0	0.0	0.0	0.0	0.0	0.0	0.0	0.0	0.0	0.0	0.0	0.0	0.0	0.0	0.0	0.0	0.0	0.0	0.0	0.0	0.0	0.0	0.0	0.0	0.0	0.0	0.0	0.0	0.0	0.0	0.0	0.0	0.0	0.0	0.0	0.0	0.0	0.0	0.0	0.0	0.0	0.0	0.0	0.0	0.0	0.0	0.0	0.0	0.0	0.0	0.0	0.0	0.0	0.0	0.0	0.0	0.0	0.0	0.0	0.0	0.0	0.0	0.0	0.0	0.0	0.0	0.0	0.0	0.0	0.0	0.0	0.0	0.0	0.0	0.0	0.0	0.0	0.0	0.0	0.0	0.0	0.0	0.0	0.0	0.0	0.0	0.0	0.0	0
30318	0.0	0.00860832137733	0.0	0.0	0.00143472022956	0.0	0.0	0.0	0.0	0.0	0.00860832137733	0.00860832137733	0.0	0.0	0.0	0.0	0.0	0.0	0.0	0.0	0.0	0.0	0.0	0.0	0.00860832137733	0.00860832137733	0.0	0.0	0.0	0.00143472022956	0.0	0.0	0.0	0.0	0.0344332855093	0.0	0.0	0.00860832137733	0.0	0.0	0.0	0.0	0.0	0.0	0.0	0.0	0.0	0.00860832137733	0.0	0.00860832137733	0.0	0.012912482066	0.038737446198	0.0	0.0	0.0	0.0	0.0	0.0	0.0	0.0	0.0	0.0	0.0	0.0100430416069	0.0	0.0	0.0	0.0	0.0	0.00573888091822	0.0	0.0	0.0	0.0	0.0	0.0	0.0	0.0	0.0	0.0	0.0	0.0	0.0	0.0	0.0	0.0	0.0	0.00860832137733	0.0	0.00860832137733	0.00143472022956	0.00143472022956	0.00860832137733	0.00860832137733	0.0	0.0	0.0	0.0	0.00143472022956	0.0	0.0	0.0	0.0186513629842	0.00430416068867	0.0	0.00860832137733	0.00860832137733	0.00860832137733	0.0	0.0	0.00860832137733	0.00143472022956	0.00286944045911	0.0	-0.0172166427547	0.0	0.0	0.00860832137733	0.00860832137733	0.00860832137733	0.0200860832138	0.00860832137733	0.0215208034433	0.00430416068867	0.00860832137733	0.0	0.0	0.0	0.0	0.0	0.0	0.0	0.00860832137733	0.0	0.0	0.0	0.00573888091822	0.0	0.00860832137733	0.0	0.00860832137733	0.0	0.0	0.0	0.00286944045911	0.0	0.00860832137733	0.00286944045911	0.025824964132	0.0	0.00286944045911	0.0272596843615	0.012912482066	0.00573888091822	0.0	0.00860832137733	0.0	0.0	0.0	0.0	0.00573888091822	0.0	0.0	0.0	0.0	0.00430416068867	0.00573888091822	0.0	0.0	0.00860832137733	0.0	0.0	0.0	0.00143472022956	0.00860832137733	0.00143472022956	0.0	0.00573888091822	0.0	0.0	0.0	0.0	0.0	0.0	0.0	0.0	0.00143472022956	0.00573888091822	0.0	0.0	0.0	-0.00860832137733	0.0100430416069	0.00860832137733	-0.00860832137733	0.0	0.0	-0.00860832137733	0.00860832137733	0.0	0.00143472022956	0.0	0.0	0.0	0.0487804878049	0.0	0.00860832137733	0.0	0.0	0.0143472022956	0.0789096126255	0.0	0.0	0.00860832137733	0.0	0.0	0.012912482066	0.0	0.0	0.0	0.0	0.0	0.00860832137733	0.0789096126255	0.0	0.0172166427547	0.0	0.0	0.0	0.0	0.00860832137733	0.00573888091822	0.0	0.0	0.0	0.0	0.0	0.0	0.00860832137733	0.00430416068867	0.0	0.00860832137733	0.00860832137733	0.0	0.0	0.0	0.0	0.0	0.0	0.0	0.0	0.0	0.0	0.0	0.0	0.0	0.0	0.0	0.0	0.0	0.0	0.0	0.0	0.0	0.0	0.0	0.0	0.0	0.0	0.0	0.0	0.0	0.0	0.0	0.0	0.0	0.0	0.00860832137733	0.00860832137733	0.0	0.0	0.0	0.00860832137733	0.0	0.0	0.0	0.0172166427547	0.0	0.0	0.00860832137733	0.00860832137733	0.00860832137733	0.00860832137733	0.0	0.0	0.0	0.0	0.0	0.0	0.00430416068867	0.0	0.0	0.0	0.00717360114778	0.0	0.0	0.00860832137733	0.0	0.0	0.0	0.0	-0.00860832137733	0.0	0.0631276901004	0.0	2
30319	0.0	0.0	0.0	0.0	0.0	0.0	0.0	0.0	0.0	0.0	0.019801980198	0.0	0.0	0.0	0.0	0.0	0.0	0.0	0.0	0.0	0.0	0.0	0.0	0.0	0.0	0.0	0.0	0.0	0.0	0.0	0.0	0.0	0.0	0.0	0.039603960396	0.0	0.0	0.0	0.0	0.0	0.0	0.0	0.0	0.0	0.0	0.0	0.0	0.0	0.0	0.0	0.0	0.0	0.0	0.0	0.0	0.0	0.0	0.0	0.0	0.0	0.0	0.0	0.0	0.0	0.0	0.0	0.0	0.0	0.0	0.0	0.0	0.0	0.0	0.0	0.0	0.0	0.0	0.0	0.0	0.0	0.0	0.049504950495	0.0	0.0	0.0	0.0	0.0	0.0	0.0	0.0	0.0	0.0891089108911	0.0	0.0	0.0	0.0	0.0594059405941	0.0	0.0	0.0	0.0	0.029702970297	0.0	0.0	0.0	0.0	0.0	0.0	0.0	0.0	0.0	0.0	0.039603960396	0.0	0.0	0.0	0.0	0.0	0.0	0.0	0.0	0.0	0.0	0.0594059405941	0.0	0.0	0.0	0.0	0.0	0.0	0.0	0.0	0.0	0.0	0.0	0.0	0.0	0.0	0.0	0.0	0.0	0.0	0.0	0.0	0.0	0.0	0.0	0.0	0.0	0.0	0.0	0.0	0.0	0.0	0.0	0.0	0.0	0.0	0.0	0.0	0.0	0.0	0.0	0.0	0.0	0.0	0.0	0.0	0.0	0.0	0.0	0.0	0.0	0.0	0.0	0.0	0.0	0.0	0.0	0.0	0.0	0.0	0.0	0.0594059405941	0.0	0.0	0.0	0.0	0.0	0.0	0.0	0.0	0.0	0.0	0.0	0.0	0.0	0.0	0.0	0.029702970297	0.0	0.0	0.0	0.0	0.0	0.118811881188	0.0	0.0	0.0	0.0	0.0594059405941	0.029702970297	0.0	0.0	0.0	0.0	0.0	0.0594059405941	0.0	0.0	0.0	0.0	0.0	0.0	0.138613861386	0.0	0.0	0.0	0.0	0.0	0.0	0.0594059405941	0.0	0.0	0.0	0.0	0.0	0.0	0.0	0.0	0.0	0.0	0.0	0.0	0.0	0.0	0.0	0.0	0.0	0.0	0.0	0.0	0.0	0.0	0.0	0.0	0.0	0.0	0.0	0.0	0.0	0.0	0.0	0.0	0.0	0.0	0.0	0.0	0.0	0.0	0.0	0.0	0.0	0.0	0.0	0.0	0.0	0.0	0.0	0.0	0.0	0.0	0.0	0.0594059405941	0.0	0.0	0.0	0.0	0.0	0.0	0.0	0.0	0.0	0.0	0.0	0.0	0.0	0.0	0.0	0.0	0.0	0.0	0.0	0.0	0.0	0.0	0.0	0.0	0.0	0.0	0.0	0.0	0.0	0.0	0.0	0.0	2
30322	0.0	0.0	0.0	0.0	0.0	0.0	0.0	0.0	0.0	0.0	0.0	0.0466926070039	0.0	0.0	0.0	0.0	0.0233463035019	0.0	0.0	0.0	0.0	0.0	0.0	0.0	0.0	0.00389105058366	0.0	0.0	0.0	0.0	0.0	0.0	0.0	0.0	0.011673151751	0.0	0.0233463035019	0.0	0.0	0.0233463035019	0.0	0.0	0.0	0.0	0.0	0.0	0.0	0.0	0.0	0.0700389105058	0.0	0.0	0.0155642023346	0.0	0.0	0.0	0.0	0.0	0.0	0.0	0.0	0.0	0.0	0.0	0.0	0.0233463035019	0.0	0.0	0.0	0.0	0.0233463035019	0.0	0.0	0.0	0.0	0.0	0.0	0.0	0.0	0.0	0.0	0.0	0.0	0.0233463035019	0.0	0.0	0.0	0.0	0.0	0.0	0.0	0.0466926070039	0.0	0.0	0.0233463035019	0.0	0.0	0.0	0.0	0.0	0.0	0.0	0.0	0.00389105058366	0.0	0.0	0.0	0.0	0.0	0.0	0.0	0.0	0.00389105058366	0.0	0.0	0.0	0.0	0.0	0.0	0.0	0.0	0.0	0.0	0.00778210116732	0.0	0.0	0.0	0.0	0.0233463035019	0.0	0.0233463035019	0.0233463035019	0.0233463035019	0.0466926070039	0.0233463035019	0.0233463035019	0.0233463035019	0.0	0.0	0.0	0.0	0.0233463035019	0.0233463035019	0.0	0.0	0.0	0.0	0.0	0.0	0.0	0.0	0.0	0.00389105058366	0.0	0.0	0.0	0.0	0.0	0.0	0.0	0.0	0.0	0.0	0.0	0.0	0.0	0.0	0.0	0.0	0.0	0.0	0.0	0.0	0.0	0.0	0.0	0.0	0.0	0.0	0.0	0.0	0.0	0.0	0.0	0.0	0.0233463035019	0.00389105058366	0.0233463035019	0.0	0.0	0.0	0.0	0.0	0.011673151751	0.0	0.0	0.0	0.0	0.0	0.0233463035019	0.0	0.0233463035019	0.0	0.0	0.0	0.0233463035019	0.0	0.0	0.0233463035019	0.0	0.011673151751	-0.0155642023346	0.0	0.0	0.0	0.0	0.0	0.0	0.0	0.011673151751	0.0	0.0	0.00389105058366	0.0	0.105058365759	0.0	0.0	0.0933852140078	0.0	0.0	0.0	0.0	0.0	0.0	0.0	0.0	0.0	0.0	-0.0233463035019	0.0	0.0	0.0	0.0	0.0	0.0	0.0	0.0	0.0	0.0	0.0	0.0	0.0	0.0	0.0	0.0	0.0	0.0	0.0	0.0	0.0	0.0	0.0	0.0	0.0	0.0	0.0	0.0	0.0	0.0	0.0	0.0	0.0	0.0	0.0	0.0	0.0	0.0	0.0	0.0	0.0	0.0	0.0	0.0	0.0	0.0	0.0	0.0	0.0	0.0	0.0	0.0	0.0	0.0	0.0	0.0	0.0	0.0	0.0	0.0	0.0	0.0	0.0	0.0	0.0233463035019	0.0	0.0	0.0	0.0	0.0	0.0	0.0	0.0	0.0	-0.011673151751	0.011673151751	0.0	2
30323	0.0	0.0	0.0697674418605	0.0	0.0	0.0	0.0	0.0	0.0	0.0	0.0	0.0116279069767	0.0	0.0	0.0	0.0	0.0	0.0	0.0	0.0	0.0	0.0	0.0	0.0	0.0	0.0	0.0	0.0	0.0	0.0	0.0	0.0	0.0	0.0	0.0697674418605	0.0	0.0	0.0	0.0	0.0	0.0	0.0	0.0	0.0	0.0	0.0	0.0	0.0	-0.0581395348837	0.0232558139535	0.0	0.0	0.0581395348837	0.0	0.0	0.0	0.0	0.0	0.0	0.0	0.0	0.0116279069767	0.0	0.0	0.0	0.0	0.0	0.0	0.0	0.0	0.0	0.0	0.0	0.0	0.0	0.0	0.0	0.0	0.0	0.0	0.0	0.0	0.0	0.0348837209302	0.0	0.0	0.0	0.0	0.0	0.0	0.0	0.0	0.0	0.0	0.0	0.0	0.0	0.116279069767	0.0	0.0	0.0	0.0	0.0	0.0	0.0	0.0	0.0	0.0	0.0	0.0	0.0	0.0	0.0116279069767	0.0	0.0	0.0	0.0	0.0	0.046511627907	0.0	0.0	0.0	-0.0581395348837	0.0348837209302	0.0	0.0	0.0	0.0	0.0	0.0	0.0	0.0	0.0	0.0	0.0	0.0	0.0	0.0	0.0	0.0	0.0	0.0	0.0	0.0	0.0	0.0	0.0	0.0	0.0	0.0	0.0	0.0	0.0232558139535	0.0348837209302	0.0	0.0116279069767	0.0	0.0	0.0	0.0	0.0	0.0	0.0	0.0	0.0	0.0	-0.0116279069767	0.0	0.0	0.0	0.0	0.0	0.0	0.0	0.0	0.0	0.0	0.0	0.0	0.0	0.0	0.0	0.0	0.0	0.0	0.0	0.0	-0.0581395348837	0.0	0.0	0.0	0.0	0.0	0.046511627907	0.0	0.0	0.0	0.0	0.0	0.0	0.0	0.0	0.0	0.0	0.0	0.0697674418605	0.0	0.0	0.0	0.0	0.116279069767	0.220930232558	0.0	0.0	0.0	0.0	0.0	0.0	0.0	0.0	0.0	0.0	0.0	0.0	0.0	0.0	0.0	0.0	0.0	0.0	0.0	0.0	0.0	0.0	0.0	0.0	0.0	0.0	0.0	0.0	0.0	0.0	0.0	0.0	0.0	0.0	0.0	0.0	0.0	0.0	0.0	0.0	0.0	0.0	0.0	0.0	0.0	0.0	0.0	0.0	0.0	0.0	0.0	0.0	0.0	0.0	0.0	0.0	0.0	0.0	0.0	0.0	0.0	0.0	0.0	0.0	0.0	0.0	0.0	0.0	0.0	0.0	0.0	0.0	0.0	0.0	0.0	0.0	0.0581395348837	0.0581395348837	0.0	0.0	0.0	0.0	0.0	0.0	0.0	0.0	0.0	0.0	0.0	0.0	0.0	0.0	0.0	0.0	0.0	0.0	0.0	0.0	0.0581395348837	0.0	0.0	0.0	0.0	0.0	2
30324	0.0	0.0	0.0	0.0	0.0	0.0	0.0	0.0	0.0	0.0	0.0	0.1	0.0	0.0	0.0	0.0	0.0	0.0	0.0	0.0	0.0	0.0	0.0	0.0	0.0	0.0	0.0	0.0	0.0	0.0	0.0	0.0	0.0	0.0	0.05	0.0	0.0	0.0	0.0	0.0	0.0	0.0	0.0	0.0	0.0	0.0	0.0	0.0	-0.1	0.1	0.0	0.0	0.0	0.0	0.0	0.0	0.0	0.0	0.0	0.0	0.0	0.0	0.0	0.0	0.0	0.0	0.0	0.0833333333333	0.0	0.0	0.0	0.0	0.0	0.0	0.0	0.0	0.0	0.0	0.0	0.0	0.0166666666667	0.0	0.0	0.1	0.0	0.0	0.0	0.0	0.0	0.0	0.0	0.0	0.0	0.0	0.0	0.0	0.0	0.0	0.0	0.0	0.0	0.0	0.0	0.0	0.0666666666667	0.1	0.0	0.0	0.0	0.0	0.0	0.0	0.0	0.0	0.0	0.0	0.0	0.0	0.0	0.0	0.0	0.0333333333333	0.0	0.1	0.0	0.0	0.0	0.0	0.0	0.0	0.0	0.0	0.0	0.1	0.0	0.0	0.0	0.0	0.0	0.0	0.0	0.1	0.0	0.0	0.0	0.0	0.0	0.0	0.0	0.1	0.0	0.0	0.0666666666667	0.05	0.0	0.0	0.0	0.0	0.0	0.0	0.0	0.0	0.0	0.0	0.0	0.0	0.0	0.0	0.0	0.0	0.0	0.0	0.0	0.0	0.0	0.0	0.0	0.0	0.0	0.0	0.0	0.0	0.0	0.0	0.0	0.0	0.0	0.0	0.0	0.0	0.0	0.0	-0.0666666666667	0.0	0.0	-0.1	0.0	0.0	0.0	0.0166666666667	0.0	0.0	0.0	0.0	0.0	0.1	0.0	0.0	0.0	0.0	0.0	0.0666666666667	0.0	0.0	0.0	0.0	0.0	0.0	0.0	0.0	0.0	0.0	0.0	0.0	0.0666666666667	0.0	0.0	-0.1	0.0	0.0	0.0	0.0	0.0	0.0	0.0	0.0	0.0	0.0	0.0	0.0	0.0	0.0	0.0	0.0	0.0	0.0	0.0	0.0	0.0	0.0	0.0	0.0	0.0	0.0	0.0	0.0	0.0	0.0	0.0	0.0	0.0	0.0	0.0	0.0	0.0	0.0	0.0	0.0	0.0	0.0	0.0	0.0	0.0	0.0	0.0	0.0	0.0	0.0	0.0	0.0	0.0	0.0	0.0	0.0	0.0	0.0	0.0	0.0	0.0	0.0	0.0	0.05	0.0	0.0	0.0	0.0	0.0	0.0	0.0	0.0	0.0	0.0	0.0	0.0	0.0	0.0	0.0	0.0	0.0	0.0	0.0	0.0	0.0	0.0	-0.1	0.0	2
30325	0.0	0.0	0.0	0.0	0.0	0.0	0.0	0.0	0.0	0.0	0.0	0.0	0.0	0.0	0.0	0.0	0.0	0.0	0.0	0.0	0.0	0.0	0.0	0.0	0.0	0.0	0.0	0.0	0.0	0.0	0.0	0.0	0.0	0.0	0.046875	0.0	0.0	0.0	0.0	0.0	0.0	0.0	0.0	0.0	0.0	0.0	0.0	0.0	0.0	0.0	0.0	0.0	0.0	0.0234375	0.0	0.0	0.0	0.0	0.0	0.0	0.0	0.0	0.0	0.0	0.0	0.0	0.0	0.0	0.0	0.0	0.0	0.0	0.0	0.0	0.0	0.0	0.0	0.0	0.0	0.0	0.0	0.0	0.0	0.0	0.0	0.0	0.0	0.0	0.0	0.0	0.0234375	0.0	0.0	0.0	0.0	0.0	0.0	0.0	0.0	0.0	0.0	0.0	0.0	0.046875	0.0078125	0.0	0.0	0.0	0.0	0.0	0.0	0.0	0.0	0.0	0.0	0.0	0.0	0.0	0.0	0.0	0.0	0.046875	0.0	0.046875	0.0	0.0	0.0	0.0	0.0	0.0	0.0	0.0	0.0	0.0	0.0	0.0	0.0	0.0	0.0	0.0	0.0	0.0	0.0	0.0	0.0	0.0	0.0	0.0	0.0	0.0	0.0	0.0	0.0390625	0.0078125	0.0	0.0	0.0	0.0	0.0	0.0	0.0	0.046875	0.0	0.0	0.0	0.0	0.0	0.0	0.0	0.0	0.0	0.0	0.0	0.0	0.0	0.0	0.046875	0.046875	0.0	0.0	0.0	0.0	0.0	0.0	0.0	0.0	0.0	0.0	0.0	0.0	0.0	0.0	0.0	0.03125	0.0	0.0	0.0	0.0	0.0	0.046875	0.0	0.0	0.0	0.0	0.0	0.09375	0.0	0.0	0.0	0.0	0.046875	0.1171875	0.0	0.0	0.0	0.0	0.0	0.046875	0.0	0.0	0.0	0.0	0.0	0.0	0.1171875	0.0	0.0	0.0	0.0	0.0	0.0	0.0	0.0	0.0	0.0	0.0	0.0	0.0	0.0	0.0	0.0	0.0	0.0	0.0	0.0	0.0	0.0	0.0	0.0	0.0	0.0	0.0	0.0	0.0	0.0	0.0	0.0	0.0	0.0	0.0	0.0	0.0	0.0	0.0	0.0	0.0	0.0	0.0	0.0	0.0	0.0	0.0	0.0	0.0	0.0	0.0	0.0	0.0	0.0	0.0	0.0	0.0	0.0	0.0	0.0	0.0	0.0	0.0	0.0	0.0	0.0	0.0	0.0	0.0	0.0	0.0	0.0	0.0	0.0	0.0	0.0	0.0	0.0	0.0	0.0	0.0	0.0	0.0	0.0	0.0	0.0	0.0	0.0	0.0	0.0703125	0.0	2
30327	0.0	0.0	0.0	0.0	0.0	0.0	0.0	0.0	0.0	0.0	0.0	0.0	0.0	0.0	0.0	0.0	0.0	0.00898203592814	0.0	0.0	0.0	0.0	0.0	0.0	0.0	0.0	0.0	0.0	0.0	0.0	0.0	0.0179640718563	0.0	0.0	0.0209580838323	0.0	0.0	0.0	0.0	0.0	0.0	0.0	0.0	0.0	0.0	0.0	0.0	0.0	0.0	0.0179640718563	0.0	0.0	0.0	0.00299401197605	0.0	0.0	0.0	0.0	0.00299401197605	0.00898203592814	0.215568862275	0.0	0.00898203592814	0.0	0.0	0.0	0.0	0.0	0.0	0.0	0.0	0.0	0.0	0.0	0.0	0.0	0.0	0.0	0.0	0.0	0.0	0.0	0.0	0.0179640718563	0.0	0.0	0.0	0.0	0.0	0.0	0.0	0.0	0.0	0.0	0.00898203592814	0.0	0.0	0.0	0.0	0.0	0.0	0.0	0.0059880239521	0.0059880239521	0.0179640718563	0.0	0.0	0.0	0.0	0.0	0.0	0.0	0.0179640718563	0.00898203592814	0.0	0.0	0.0	0.0	0.00299401197605	0.0	0.0179640718563	0.0179640718563	0.0149700598802	0.0179640718563	0.0	0.0	0.0	0.0	0.0	0.0	0.0	0.0	0.0	0.0	0.0	0.0	0.0	0.0	0.0	0.0	0.0	0.0	0.0	0.0	0.0	0.0	0.0	0.0	0.0	0.00898203592814	0.0	0.0	0.0239520958084	0.0209580838323	0.0	0.0179640718563	0.0	0.0	0.0	0.0	0.0	0.00898203592814	0.0	0.0	0.0	0.0	0.00898203592814	0.0	0.0	0.0	0.0	0.0	0.0	0.0	0.0	0.0	0.00299401197605	0.0059880239521	0.0179640718563	0.0	0.0	0.0	0.0	0.0	0.0	0.0	0.0	0.0	0.0	0.0	0.0	0.0	0.0	0.0329341317365	0.0	0.0	0.0	0.0	0.0	0.0299401197605	0.0	0.0	0.0	0.0	0.0	0.0359281437126	0.0	0.0	0.0	0.0	0.0239520958084	0.0359281437126	0.0	0.0	0.0	0.0179640718563	0.0	0.0	0.0	0.0	0.0	0.0	0.0	0.0	0.0958083832335	0.0	0.0	0.0898203592814	0.0	0.0	0.0	0.0179640718563	0.0	0.0	0.0	0.0	0.0	0.0	0.0	0.0	0.0	0.0	0.0	0.0	0.0	0.0059880239521	0.0	0.0	0.0	0.0	0.0	0.0	0.0	0.0	0.0	0.0	0.0	0.0	0.0	0.0	0.0	0.0	0.0	0.0	0.0	0.0	0.0	0.0	0.0	0.0	0.0	0.0	0.0	0.0	0.0	0.0	0.0	0.0	0.0	0.0	0.0	0.0	0.0	0.0	0.0	0.0	0.0	0.0	0.0	0.0	0.0	0.0	0.0	0.0	0.0	0.0	0.0	0.0	0.0	0.0	0.0	0.0	0.0	0.0	0.0	0.0	0.0	0.0	0.0	0.0	0.0	0.0	0.0	0.0	0.0359281437126	0.0	2
30328	-0.0	-0.0	-0.0	-0.0	-0.0	-0.0	-0.0	-0.0	-0.0	-0.0	-0.666666666667	-0.0	-0.0	-0.0	-0.0	-0.0	-0.0	-0.0	-0.666666666667	-0.0	-0.0	-0.0	-0.0	-0.0	-0.0	-0.0	-0.0	-0.0	-2.0	-0.0	-0.0	-0.0	-0.0	-0.0	-4.0	-0.0	-0.0	-0.0	-0.0	-0.0	-0.0	-0.0	-0.0	-0.0	-0.0	-0.0	-0.333333333333	-0.0	-0.0	-2.0	-0.666666666667	-0.333333333333	-0.666666666667	-1.33333333333	-0.0	-0.0	-0.0	-0.0	-0.0	-0.0	24.0	-0.0	-0.0	-2.0	-2.0	-2.0	-0.0	-0.0	-0.0	-0.0	-0.0	-0.0	-0.0	-0.0	-0.0	-0.0	-0.0	-0.0	-0.0	-0.0	-0.0	-0.0	-0.0	-2.0	-0.0	-0.0	-0.0	-0.0	-0.0	-0.0	-0.0	-0.666666666667	-0.0	-0.0	-0.0	-0.0	-0.0	-0.0	-0.0	-0.0	-0.0	-0.0	-0.0	-1.33333333333	-0.0	-0.0	-0.0	-0.0	-0.0	-0.0	-0.0	-0.0	-0.0	-0.0	0.0	-0.0	-0.0	-0.0	-0.0	-0.0	-0.0	-0.0	-0.0	-0.0	-0.0	-0.0	-0.0	-0.0	-0.0	0.0	-0.0	-0.0	-0.0	-0.0	-0.0	-0.0	-0.0	-0.0	-0.0	-0.0	-0.0	-0.0	-0.0	-0.0	0.0	-0.0	-0.0	-0.0	-0.0	-0.0	0.0	-0.0	-0.0	-0.0	-0.0	-0.0	-0.0	-0.0	-0.0	-0.0	-0.0	-0.0	-0.0	-0.0	-0.0	-0.0	-0.666666666667	-0.0	-0.0	-0.0	-0.0	-0.0	-0.0	-0.0	-0.0	-0.0	-0.0	-0.0	-0.0	-0.0	-0.0	-0.0	-0.0	-0.0	-0.0	-0.0	-0.0	-0.0	-0.0	-0.0	-0.0	-0.0	-0.0	-0.0	-0.0	-0.0	-0.0	-0.0	-0.0	-2.0	-0.0	-0.0	-0.0	-0.0	-0.0	-2.0	-0.0	-0.0	-0.0	-0.0	-0.333333333333	-0.0	-0.0	-0.0	-0.0	-0.0	-0.0	-0.0	-0.0	-0.0	-0.0	-0.0	-0.0	-0.0	8.66666666667	-0.0	-0.0	-0.0	-0.0	-0.0	-0.0	-0.0	-0.0	-0.0	-0.0	-0.0	-0.0	-0.0	-0.0	-0.0	-0.0	-0.0	-0.0	-0.0	-0.0	-0.0	-0.0	-0.0	-0.0	-0.0	-0.0	-0.0	-0.0	-0.0	-0.0	-0.0	-0.0	-0.0	-0.0	-0.0	-0.0	-0.0	-0.0	-0.0	-0.0	-0.0	-0.0	-0.0	-0.0	0.0	-0.0	-0.0	-0.0	-0.0	-0.0	-0.0	-0.0	-0.0	-0.0	-0.0	-0.0	-0.0	-0.0	-0.0	-0.0	-0.0	-0.0	-0.0	-0.0	-0.0	-0.0	-0.0	-0.0	-0.0	-0.0	-0.0	-0.0	-0.0	-0.0	-0.0	-0.0	-0.0	-0.0	-0.0	-0.0	-0.0	-0.0	-0.0	-0.0	-0.0	-0.0	-0.0	-0.0	2.0	-6.0	-0.0	1
30329	0.0	0.0	0.0	0.0	0.0	0.0	0.0	0.0	0.0	0.0	0.0	0.0	0.0	0.0	0.0	0.0	0.0	0.0	0.0	0.0	0.0	0.0	0.0	0.0	0.0	0.0	0.0	0.0	0.0	0.0	0.0	0.0	0.0	0.0	0.038961038961	0.0	0.0	0.0	0.0	0.0	0.0	0.0	0.0	0.0	0.0	0.0	0.0	0.0	0.0	0.038961038961	0.0	0.0	0.0	0.00649350649351	0.0	0.0	0.0	0.0	0.0	0.0	0.0	0.0	0.038961038961	0.0	0.0	0.038961038961	0.0	0.0	0.0	0.0	0.0	0.0	0.0	0.0	0.0	0.0	0.0	0.0	0.0	0.0	0.0	0.0	0.0	0.0	0.0	0.0	0.0	0.0	0.0	0.0	0.0	0.0	0.0	0.0	0.0	0.0	0.0	0.0	0.0	0.0	0.0	0.0	0.0	0.038961038961	0.0	0.0	0.0	0.0	0.0	0.0	0.0	0.0	0.0	0.0	0.012987012987	0.0	0.0	0.0	0.0	0.0	0.012987012987	0.0	0.0	0.0194805194805	0.0	0.0	0.0	0.0	0.0	0.038961038961	0.0	0.0	0.0	0.0	0.0	0.0	0.0	0.0	0.0	0.0	0.0	0.0	0.0	0.0	0.0	0.0	0.0	0.0	0.0	0.0	0.0	0.0	0.0	0.0	0.0	0.0	0.0	0.0	0.0	0.0	0.0	0.0	0.0	0.0	0.0	0.0	0.0	0.0	0.0	0.0	0.0	0.0	0.0	0.0	0.0	0.0	0.0	0.012987012987	0.038961038961	0.0	0.0	0.0	0.0	0.0	0.038961038961	0.038961038961	0.0194805194805	0.0324675324675	0.0	0.0	0.0	0.038961038961	0.0	0.038961038961	0.038961038961	0.0	0.0	0.0	0.0194805194805	0.0779220779221	0.0	0.038961038961	0.0	0.0	0.0	0.116883116883	0.0	0.0	0.0	0.0	0.0	0.0649350649351	0.0	0.0	0.0	0.0	0.0	0.0	0.0	0.0	0.0	0.0	0.0	0.0	0.0649350649351	0.0	0.0	0.0	0.0	0.0	0.0	0.0	0.0	0.0	0.0	0.0	0.0	0.0	0.0	0.0	0.0	0.0	0.0	0.0	0.0	0.0	0.0	0.0	0.0	0.0	0.0	0.0194805194805	0.0	0.0	0.0	0.0	0.0	0.0	0.0	0.0	0.0	0.0	0.0	0.0	0.0	0.0	0.0	0.0	0.0	0.0	0.0	0.0	0.0	0.0	0.0	0.0	0.0	0.0	0.0	0.0	0.0	0.0	0.0	0.0	0.0	0.0	0.0	0.0	0.0	0.0	0.0	0.0	0.0	0.0	0.0	0.0	0.0	0.0	0.0	0.0	0.0	0.0	0.0	0.0	0.0	0.0	0.0	0.0	0.0	0.0	0.0	0.0	0.0	0.0	0.012987012987	0.0	2
30330	0.0	0.0	0.0	0.0	0.0	0.0	0.0	0.0	0.0	0.0	0.0	0.0	0.0	0.0	0.0	0.0	0.0	0.0	0.0	0.0	0.0	0.0	0.0	0.0	0.0	0.0	0.0	0.0	0.0	0.0	0.0	0.0	0.0	0.0	0.0595238095238	0.0	0.0	0.0	0.0	0.0	0.0	0.0	0.0	0.0	0.0	0.0	0.0	0.0	0.0	0.0238095238095	0.0	0.0	0.0595238095238	0.0	0.0	0.0	0.0	0.0	0.0	0.0	0.0	0.0	0.0	0.0	0.0	0.0	0.0	0.0	0.0	0.0	0.0	0.0	0.0	0.0	0.0	0.0	0.0	0.0	0.0	0.0	0.0	0.0	0.0	0.0	0.0	0.0	0.0	0.0	0.0	0.0	0.0	0.0	0.0	0.0	0.0	0.0	0.0	0.0	0.0	0.0	0.0	0.0	0.0	0.0	0.0238095238095	0.0	0.0	0.0	0.0	0.0	0.0	0.047619047619	0.0	0.0	0.0	0.0	0.0	0.0	0.0	0.0	0.0	0.047619047619	0.0	0.047619047619	0.0	0.0	0.0	0.0	0.0	0.0	0.0	0.0	0.0	0.0	0.0	0.0	0.0	0.0	0.0	0.0	0.0	0.0	0.0	0.0	0.0238095238095	0.0	0.0	0.0	0.0	0.0	0.0714285714286	0.0	0.0	0.0119047619048	0.0	0.0	0.0	0.0	0.0	0.0	0.0	0.0	0.0	0.0	0.0	0.0	0.0	0.0	0.0	0.0	0.0	0.0	0.0	0.0	0.0	0.0	0.0	0.0	0.0	0.0	0.0238095238095	0.0	0.0	0.0	0.0	0.0	0.0	0.0	0.0	0.0	0.0	0.0	0.0	0.0595238095238	0.0	0.0	0.0	0.0	0.0	0.0	0.0	0.0	0.0	0.0	0.0	0.0714285714286	0.0	0.0	0.0	0.0	0.047619047619	0.047619047619	0.0	0.0	0.0	0.0	0.0714285714286	0.0238095238095	0.0	0.0	0.0	0.0	0.0	0.0	0.107142857143	0.0	0.0	0.0	0.0	0.0	0.0	0.0714285714286	0.0	0.0	0.0	0.0	0.0	0.0	0.0	0.0	0.0	0.0	0.0	0.0	0.0	0.0	0.0	0.0	0.0	0.0	0.0	0.0	0.0	0.0	0.0	0.0	0.0	0.0	0.0	0.0	0.0	0.0	0.0	0.0	0.0	0.0	0.0	0.0	0.0	0.0	0.0	0.0	0.0	0.0	0.0	0.0	0.0	0.0	0.0	0.0	0.0	0.0	0.0	0.0	0.0	0.0	0.0	0.0	0.0595238095238	0.0	0.0	0.0	0.0	0.0	0.0	0.0	0.0	0.0	0.0	0.0	0.0	0.0	0.0	0.0	0.0	0.0	0.0	0.0	0.0	0.0	0.0	0.0	0.0	0.0	0.0	0.0	2
30352	0.0	0.0	0.00847457627119	0.0	0.0	0.0	0.0	0.0	0.0	0.0	0.0	0.0	0.0	0.0	0.0	0.0	0.0	0.0	0.0	0.0	0.0	0.0254237288136	0.0	0.0	0.0	0.0	0.0	0.0	0.0	0.0	0.0	0.0	0.0	0.0	0.0338983050847	0.0	0.0	0.0	0.0	0.0	0.0	0.0	0.0	0.0	0.0	0.0	0.0	0.0	0.0	0.0254237288136	0.0	0.0	0.0	0.0	0.0	0.0	0.0	0.0	0.0	0.0	0.0	0.0	0.0	0.0	0.0	0.0254237288136	0.0	0.0	0.0	0.0	0.0254237288136	0.0	0.0	0.0	0.0	0.0	0.0	0.0	0.0	0.0	0.0	0.0	0.0	0.0	0.0	0.0	0.0	0.0	0.0	0.0	0.0	-0.0169491525424	0.0	0.0	0.0	0.0	0.0	0.0	0.0	0.0	0.0	0.0	0.0	0.00423728813559	0.0	0.0	0.0	0.0	0.0	0.0	0.0	0.0	0.00423728813559	0.0	0.0	0.0	0.0	0.0	0.0	0.0	0.0127118644068	0.0	0.0	0.0254237288136	0.0	0.0	0.0	0.0	0.0	0.0	0.0	0.0	0.0	0.0381355932203	0.0	0.0	0.0	0.0	0.0	0.0	0.0	0.0254237288136	0.0254237288136	0.0	0.0	0.0	0.0	0.0	0.0	0.0254237288136	0.0	0.00423728813559	0.0381355932203	0.0423728813559	0.0	0.0	0.0	0.0	0.0	0.0	0.0	0.0	0.0	0.0	0.0	0.0	0.0127118644068	0.0	0.0	0.0	0.0	0.0	0.0	0.0	0.0	0.0	0.0169491525424	0.021186440678	0.021186440678	0.0127118644068	0.0	0.0	0.0	0.0	0.0	0.0	0.0	-0.0169491525424	0.0	0.0	0.0	0.0	-0.0254237288136	0.0254237288136	0.0	0.0	0.0	0.0	-0.0254237288136	0.0254237288136	0.0	0.0	0.0	0.0	0.0	0.0338983050847	0.0	0.0	0.0	0.0	0.0296610169492	0.0423728813559	0.0	0.0	0.0	0.135593220339	0.0	0.0	0.0	0.0254237288136	0.0	0.0	0.0	0.0	0.135593220339	0.0	0.0	0.0254237288136	0.0127118644068	0.0	0.0	0.0254237288136	0.0	0.0	0.0	0.0	0.0	0.0	0.0	0.0	0.0	0.0	0.0	0.0	0.0	0.0	0.0	0.0	0.0	0.0	0.0	0.0	0.0	0.0	0.0	0.0	0.0	0.0	0.0	0.0	0.0	0.0	0.0	0.0	0.0	0.0	0.0	0.0	0.0	0.0254237288136	0.0	0.0	0.0	0.0	0.0	0.0	0.0	0.0	0.0	0.0	0.0	0.0	0.0	0.0	0.0	0.0	0.0	0.0127118644068	0.0	0.0	0.0	0.0	0.0	0.0	0.0	0.0	0.0	0.0	0.0	0.0	0.0	0.0	0.0	0.0	0.0	0.0	0.0	0.0	0.0	0.0	0.0	0.0	0.0	-0.021186440678	0.0762711864407	0.0	2
